method,log10_lambda1,log10_lambda2,log10_lambda3,log10_lambda4,log10_lambda5,log10_lambda6,log10_eta1,log10_eta2,log10_eta3,log10_eta4,log10_eta5,log10_eta6,phi1,phi2,phi3,phi4,phi5,phi6,lambda1,lambda2,lambda3,lambda4,lambda5,lambda6,eta1,eta2,eta3,eta4,eta5,eta6,phi1,phi2,phi3,phi4,phi5,phi6,f1_iae_m_s,f2_effort_N2m2s,f3_tv_Nm,g1_tau,g2_dq,g3_chi,g4_tcp,g5_alcance
nsga2,2.063283848,2.151607308,1.850402742,2.02980008,2.108012901,2.096586156,0.1892529912,0.817824122,0.4343455501,-0.09659489238,-0.5202714388,-1.550970086,0.07376505938,0.1173370726,0.7283148241,0.3755334192,0.2441446439,0.8734593472,115.6868107,141.7774982,70.86026007,107.1026163,128.2368675,124.9068211,1.546154865,6.57391557,2.718601487,0.8005806843,0.3018064807,0.02812094517,0.07376505938,0.1173370726,0.7283148241,0.3755334192,0.2441446439,0.8734593472,0.006423617343,66240.8988,11557.12764,-24.13784572,-2.848184825,-0.2115286595,-0.6605588933,-4.876577263e-05
nsga2,2.071896644,1.77420049,1.998923214,1.994503418,2.085400526,2.021382454,0.4449012594,0.5816700314,0.4252989563,-0.1717513973,-0.5317157375,-1.376216201,0.7000541996,0.6255887671,0.5405681546,0.3731370258,0.3583309141,0.8813301743,118.0039769,59.45665744,99.75236786,98.74234074,121.7308141,105.0467097,2.785487792,3.816541872,2.66255726,0.6733619979,0.2939573087,0.04205172338,0.7000541996,0.6255887671,0.5405681546,0.3731370258,0.3583309141,0.8813301743,0.01486896288,66181.08432,1267.449644,-24.9906016,-2.943042826,-0.3755972877,-0.01116685332,-0.00240716227
nsga2,2.074284882,1.802025532,1.992899896,2.024473403,2.087219076,1.447538414,0.171175367,0.5814591739,0.2891429472,-0.1691498283,-0.5221830804,-1.377708136,0.07399427744,0.4039522579,0.62199559,0.4981503373,0.391290848,0.8818005652,118.6546827,63.39069776,98.37843199,105.7970122,122.2416143,28.02453489,1.483116843,3.814689324,1.946000499,0.6774077667,0.3004809334,0.04190751069,0.07399427744,0.4039522579,0.62199559,0.4981503373,0.391290848,0.8818005652,0.01117976339,66194.24959,690.4297962,-25.20454262,-2.934204182,-0.3770893984,-0.2972129707,-0.006452931092
nsga2,2.059192642,1.999657874,1.788425234,2.029785947,2.108012901,1.481021169,0.2087646224,0.6511992976,0.4342927323,-0.1086046215,-0.5202714388,-1.377399981,0.07169984214,0.1172647838,0.7260022336,0.3754964657,0.2441446439,0.8734875675,114.6021176,99.92125357,61.43632572,107.099131,128.2368675,30.27060972,1.617203313,4.479188068,2.718270877,0.7787451924,0.3018064807,0.04193725682,0.07169984214,0.1172647838,0.7260022336,0.3754964657,0.2441446439,0.8734875675,0.00650779942,66226.04032,8675.066751,-24.17731065,-2.8621569,-0.2429258596,-0.6574358089,-0.01386507743
nsga2,2.059272684,2.003938409,1.846701668,2.03522072,2.107388089,1.487402785,0.2020362199,0.6530109536,0.3455688388,-0.1267262465,-0.5227271547,-1.38912702,0.1043616218,0.1147129639,0.6147618668,0.3746625333,0.2416020252,0.8734875675,114.623241,100.9109766,70.25895201,108.4477936,128.0525079,30.71869666,1.592341522,4.497911992,2.21599532,0.7469194237,0.3001047333,0.0408199981,0.1043616218,0.1147129639,0.6147618668,0.3746625333,0.2416020252,0.8734875675,0.006559389948,66216.89551,5500.24328,-24.28376419,-2.871216009,-0.2401788977,-0.6497999829,-0.0127478187
nsga2,1.913362502,1.996897153,1.850402742,2.029800099,2.108012901,2.090936112,0.1886591069,0.6511992976,0.4332858646,-0.1090798141,-0.5202714388,-1.377354865,0.07297335169,0.1339303021,0.7260374503,0.3754926937,0.2441446439,0.8731688513,81.91482383,99.28808921,70.86026007,107.102621,128.2368675,123.2923447,1.544041991,4.479188068,2.711976142,0.7778935776,0.3018064807,0.04194161359,0.07297335169,0.1339303021,0.7260374503,0.3754926937,0.2441446439,0.8731688513,0.006554715696,66220.31124,7324.404919,-24.22363115,-2.866737928,-0.24048411,-0.6519082637,-0.0138694342
nsga2,2.063283848,1.99707453,1.850402742,2.029800099,2.108012901,2.052678097,0.2020666278,0.6511992976,0.3888053409,-0.09646735142,-0.5202714516,-1.370748495,0.08769748948,0.1172627768,0.7260374503,0.3755573232,0.2441446439,0.8734596704,115.6868107,99.32864937,70.86026007,107.102621,128.2368675,112.8958811,1.592453016,4.479188068,2.447965771,0.8008158285,0.3018064718,0.04258449536,0.08769748948,0.1172627768,0.7260374503,0.3755573232,0.2441446439,0.8734596704,0.006463650647,66230.72521,10316.32989,-24.14950244,-2.850471093,-0.2434707653,-0.6590308346,-0.01451231597
nsga2,2.063283848,2.151607308,1.850402742,2.029800099,2.108012901,2.052980305,0.1886591069,0.6511992976,0.4342915987,-0.09659489238,-0.5202714388,-1.550970086,0.07376505938,0.1172627768,0.7260374503,0.3755367895,0.2441446439,0.8734593472,115.6868107,141.7774982,70.86026007,107.102621,128.2368675,112.974468,1.544041991,4.479188068,2.718263782,0.8005806843,0.3018064807,0.02812094517,0.07376505938,0.1172627768,0.7260374503,0.3755367895,0.2441446439,0.8734593472,0.006430824236,66238.38883,11271.42202,-24.14523386,-2.848355909,-0.2428271123,-0.6602842088,-4.876577263e-05
nsga2,2.085580117,1.98840357,1.960235195,2.03019117,2.112043166,1.500229454,0.5750465037,0.8299083275,0.4343288946,-0.1690991833,-0.5227246113,-1.37664528,0.7668580245,0.3353933532,0.5422251361,0.3717342844,0.2387305494,0.8729690813,121.7811629,97.36515745,91.25048786,107.1991077,129.4324481,31.63948853,3.758776506,6.759402804,2.718497228,0.6774867668,0.3001064908,0.0420101972,0.7668580245,0.3353933532,0.5422251361,0.3717342844,0.2387305494,0.8729690813,0.00728956319,66204.94501,2303.749324,-24.8807018,-2.943043366,-0.231346504,-0.5938226793,-0.006531931214
nsga2,2.059192642,1.999657874,1.846701668,2.029785928,2.108012901,1.524627066,0.2093585067,0.6511992976,0.4343466837,-0.1086046215,-0.5202714388,-1.377399981,0.07169984214,0.1173390796,0.7282796074,0.3754930954,0.2441446439,0.8734875675,114.6021176,99.92125357,70.25895201,107.0991263,128.2368675,33.46779241,1.619416301,4.479188068,2.718608583,0.7787451924,0.3018064807,0.04193725682,0.07169984214,0.1173390796,0.7282796074,0.3754930954,0.2441446439,0.8734875675,0.006516702465,66222.16514,7635.348427,-24.22423853,-2.86212628,-0.2425388945,-0.6546303626,-0.01386507743
nsga2,1.992215523,1.997704636,1.859784054,2.030795301,2.108012901,1.585401809,0.4349411601,0.6511869709,0.4370625804,-0.1265006125,-0.5202720991,-1.377399981,0.09882042833,0.07635402108,0.7168468299,0.3746625333,0.2451875373,0.8736771682,98.22352671,99.47286716,72.40758353,107.3483322,128.2368675,38.49477707,2.722332451,4.479060936,2.735662898,0.7473075802,0.3018060219,0.04193725682,0.09882042833,0.07635402108,0.7168468299,0.3746625333,0.2451875373,0.8736771682,0.006564441596,66217.12876,4791.96491,-24.32457175,-2.899398689,-0.01733678127,-0.6491840961,-0.01386507743
nsga2,1.910378761,1.74469456,1.849509153,2.030189065,2.23515966,1.571554408,0.1907033337,0.6509474605,0.3875879674,-0.1689419689,-0.522234236,-1.377357605,0.1735196205,0.124307443,0.5426414751,0.4589049308,0.3883168329,0.8823916809,81.35397181,55.55134262,70.71461037,107.198588,171.854006,37.28673944,1.551326938,4.476591446,2.441113471,0.6777320611,0.3004455418,0.04194134901,0.1735196205,0.124307443,0.5426414751,0.4589049308,0.3883168329,0.8823916809,0.007924031662,66207.52284,1557.094079,-25.13633708,-2.938334631,-0.3004225264,-0.543833717,-0.006777225468
nsga2,2.066716747,1.80241197,2.037916233,2.03524538,2.117839382,2.102092592,0.4492107102,0.5812712509,0.3554499793,-0.1712198717,-0.5241330537,-1.376276399,0.6948774012,0.5753984354,0.5760315117,0.4553184361,0.3488560544,0.8805891415,116.6048854,63.44712835,109.1229839,108.4539515,131.1714689,126.5006019,2.813265434,3.813039031,2.266991957,0.6741866187,0.2991348045,0.04204589495,0.6948774012,0.5753984354,0.5760315117,0.4553184361,0.3488560544,0.8805891415,0.01310040427,66185.5666,927.9142056,-25.18076572,-2.938527786,-0.3752679117,-0.1476336581,-0.003231783031
nsga2,2.063283848,1.99707453,1.850673552,2.029800099,2.108012901,1.58477881,0.4330597887,0.6511992976,0.3873672661,-0.09707008501,-0.5202714388,-1.550970086,0.08731567393,0.1172627768,0.7260374503,0.3746288207,0.2441446439,0.8734614476,115.6868107,99.32864937,70.90445966,107.102621,128.2368675,38.43959559,2.710564766,4.479188068,2.439873253,0.7997051908,0.3018064807,0.02812094517,0.08731567393,0.1172627768,0.7260374503,0.3746288207,0.2441446439,0.8734614476,0.006459528946,66231.33388,10572.71336,-24.1705741,-2.849821173,-0.2431294604,-0.659438666,-4.876577263e-05
nsga2,2.07316922,1.803334831,1.998923214,2.0320837,2.037376943,1.500144869,0.4697660885,1.037881805,0.4209264593,-0.1248780927,-0.3055687744,-1.377355003,0.1695054672,0.3714238898,0.540597096,0.3781931739,0.3583255021,0.8813301743,118.350261,63.58209465,99.75236786,107.6672696,108.9875632,31.63332686,2.94962013,10.91143336,2.635885004,0.7501047356,0.4948017485,0.04194160031,0.1695054672,0.3714238898,0.540597096,0.3781931739,0.3583255021,0.8813301743,0.008117137481,66202.15012,3359.008888,-24.46721895,-2.861965094,-0.1845508785,-0.5295880308,-0.01386942091
nsga2,1.902176602,1.751615405,2.037948655,2.023804991,2.086148596,2.018993608,0.4552630109,0.5812712509,0.349679029,-0.1712198717,-0.3093375713,-1.299111548,0.6948774012,0.5758504453,0.5441172666,0.4603325965,0.4232765415,0.8805951329,79.83192511,56.44369098,109.1311306,105.6343078,121.9406753,104.4704844,2.852745381,3.813039031,2.237067194,0.6741866187,0.4905264482,0.05022135804,0.6948774012,0.5758504453,0.5441172666,0.4603325965,0.4232765415,0.8805951329,0.01397395352,66182.15584,1170.168888,-25.19160028,-2.937640504,-0.2879132552,-0.07978025159,-0.003231783031
nsga2,1.90552826,1.809307991,2.022572485,2.035193339,2.087761408,2.096004108,0.1893486412,0.5880977083,0.4332871929,-0.1694089537,-0.306519561,-1.377683647,0.2386934263,0.5503485846,0.5590418489,0.4617657063,0.3986247535,0.8818012868,80.45040972,64.4626257,105.334948,108.4409564,122.3943607,124.7395313,1.546495431,3.873447806,2.711984437,0.6770037064,0.4937196802,0.04190987383,0.2386934263,0.5503485846,0.5590418489,0.4617657063,0.3986247535,0.8818012868,0.01212468948,66187.31297,1218.535696,-25.18434212,-2.93831777,-0.2574044393,-0.221960378,-0.00604887079
nsga2,2.000058965,1.774769479,2.001519993,1.994503418,2.037379398,2.114261374,0.4840591549,1.021731364,0.3442857398,-0.12482767,-0.3055687744,-1.483594716,0.1709613383,0.3726779331,0.540420952,0.4157342535,0.3582973053,0.8813301743,100.0135782,59.53460532,100.3506045,98.74234074,108.9881795,130.0952301,3.048310169,10.51311377,2.209457946,0.7501918297,0.4948017485,0.03284016147,0.1709613383,0.3726779331,0.540420952,0.4157342535,0.3582973053,0.8813301743,0.008620984373,66199.48932,1447.814633,-25.09481338,-2.943042215,-0.2030521442,-0.4916472633,-0.004767982076
nsga2,2.072761572,1.801651283,1.998923214,1.996064217,2.037379398,2.114261374,0.4811744205,1.021731364,0.4206898998,-0.1248766195,-0.3055687744,-1.378036217,0.07412324358,0.3726779331,0.540597096,0.3781931739,0.3583255021,0.8813301743,118.2392244,63.33609489,99.75236786,99.09784646,108.9881795,130.0952301,3.028129335,10.51311377,2.634449632,0.7501072802,0.4948017485,0.04187586419,0.07412324358,0.3726779331,0.540597096,0.3781931739,0.3583255021,0.8813301743,0.008280906005,66200.66052,2534.019582,-24.93445241,-2.943040474,-0.1976548817,-0.5175926854,-0.0138036848
nsga2,2.072404757,1.801651283,1.998923214,2.034372697,2.036820694,2.114261374,0.4811744205,1.021731364,0.296223855,-0.124728996,-0.3055687744,-1.378036217,0.757254617,0.3726779331,0.5429998018,0.3783576868,0.3583255021,0.8813334613,118.1421193,63.33609489,99.75236786,108.2362399,108.8480602,130.0952301,3.028129335,10.51311377,1.977988922,0.7503622967,0.4948017485,0.04187586419,0.757254617,0.3726779331,0.5429998018,0.3783576868,0.3583255021,0.8813334613,0.008210998706,66201.56803,2928.44525,-24.46328641,-2.89166677,-0.2019466812,-0.5228258128,-0.0138036848
nsga2,2.000493674,1.809307991,2.022572485,2.079942895,2.001043127,2.096004108,0.1894795002,0.5880977083,0.4333757034,-0.1694089537,-0.306519561,-1.377683647,0.8105655318,0.5503485846,0.5598822265,0.4618035322,0.3986247535,0.8203787748,100.1137374,64.4626257,105.334948,120.210636,100.2404776,124.7395313,1.546961482,3.873447806,2.712537203,0.6770037064,0.4937196802,0.04190987383,0.8105655318,0.5503485846,0.5598822265,0.4618035322,0.3986247535,0.8203787748,0.0124163869,66187.15877,1018.777196,-25.09461519,-2.940836746,-0.2612793798,-0.2013796018,-0.00604887079
nsga2,2.057849659,1.999657874,1.842827969,2.029872916,2.108012901,1.541575663,0.389438997,1.043742283,0.4343466837,-0.1393365388,-0.5202714388,-1.377399981,0.7670146729,0.3795864418,0.6147618668,0.3746625333,0.2452618973,0.8731467673,114.248277,99.92125357,69.63506236,107.1205802,128.2368675,34.79971305,2.451540075,11.05967291,2.718608583,0.7255435091,0.3018064807,0.04193725682,0.7670146729,0.3795864418,0.6147618668,0.3746625333,0.2452618973,0.8731467673,0.007206187957,66207.97476,3701.014295,-24.56397938,-2.938203504,-0.2453652597,-0.6031715206,-0.01386507743
nsga2,2.094935625,1.739462345,1.998834011,2.030638696,2.086276003,1.571495109,0.189349042,0.6456250623,0.4376998444,-0.1686264437,-0.521076041,-1.376655211,0.09061787143,0.5560619558,0.7849239554,0.4530881901,0.398156916,0.9541665329,124.4330152,54.88609648,99.73188115,107.3096296,121.9764538,37.28164863,1.546496858,4.422064392,2.739680032,0.6782246284,0.3012478521,0.04200923654,0.09061787143,0.5560619558,0.7849239554,0.4530881901,0.398156916,0.9541665329,0.01441101451,66183.70902,762.263254,-25.16145866,-2.938314841,-0.4045467046,-0.04685706157,-0.007269792808
nsga2,2.067510254,1.744955818,2.037964701,2.035290253,2.08618079,2.019501114,0.822303167,0.5868492457,0.352110567,-0.1687139335,-0.5223049169,-1.376446522,0.1099276467,0.4089102919,0.5475704366,0.4639752076,0.3488560544,0.8818491968,116.8181311,55.58477058,109.1351628,108.465158,121.9497151,104.5926373,6.642065698,3.862328829,2.249627265,0.678088012,0.3003966486,0.04202942786,0.1099276467,0.4089102919,0.5475704366,0.4639752076,0.3488560544,0.8818491968,0.01154542875,66190.90038,927.4002685,-25.18226134,-2.937956529,-0.2308854259,-0.2676691611,-0.007133176379
nsga2,2.034732421,1.979893617,2.024800857,2.035283361,2.116531578,2.101713148,0.1852942269,0.647723837,0.4308277493,-0.02199253552,-0.3139582572,-1.377382736,0.1896431742,0.5503485846,0.576199861,0.4546743022,0.3983128274,0.8824203948,108.3259286,95.47586833,105.8768121,108.4634366,130.7770624,126.3901263,1.532125098,4.443486213,2.696669662,0.9506211324,0.4853351465,0.04193892206,0.1896431742,0.5503485846,0.576199861,0.4546743022,0.3983128274,0.8824203948,0.009186744922,66196.44958,1978.483547,-24.91762437,-2.943044559,-0.2644709424,-0.4483175811,-0.01386674266
nsga2,2.066718932,1.804077287,2.170892338,2.035202536,2.116473969,2.101392266,0.5768606682,0.6477012152,0.3403459899,-0.1226563249,-0.5226389857,-1.377408186,0.6948774012,0.4508656328,0.5747942303,0.4992277185,0.2657634509,0.8822485907,116.6054722,63.69088558,148.2150612,108.4432527,130.759716,126.2967765,3.774510764,4.443254764,2.189505245,0.7539519609,0.3001656658,0.04193646453,0.6948774012,0.4508656328,0.5747942303,0.4992277185,0.2657634509,0.8822485907,0.01050219539,66192.98178,2107.586479,-25.19432688,-2.937138562,-0.2830086363,-0.3469012582,-0.01386428513
nsga2,2.051358401,1.812293599,2.021099782,2.030004591,2.087761408,1.529392843,0.210048041,0.647723837,0.2993578494,-0.02819240511,-0.306519561,-1.377338248,0.1282649072,0.1025630004,0.561284006,0.4546743022,0.3904762133,0.882089573,112.5533436,64.90730824,104.9783596,107.1530633,122.3943607,33.83707729,1.62198951,4.443486213,1.992314287,0.9371467316,0.4937196802,0.0419432184,0.1282649072,0.1025630004,0.561284006,0.4546743022,0.3904762133,0.882089573,0.006987158781,66208.94001,1863.300127,-24.99411203,-2.94304091,-0.2072071862,-0.6144653879,-0.01387103901
nsga2,1.99287971,1.999657874,1.859784054,2.030207588,2.108012901,1.585401809,0.4349411601,0.6511869709,0.3900251177,-0.1267262465,-0.5202720991,-1.377399981,0.08764609797,0.1132225083,0.7168468299,0.3746625333,0.2441446439,0.8736624565,98.37385943,99.92125357,72.40758353,107.2031601,128.2368675,38.49477707,2.722332451,4.479060936,2.454850889,0.7469194237,0.3018060219,0.04193725682,0.08764609797,0.1132225083,0.7168468299,0.3746625333,0.2441446439,0.8736624565,0.006578255678,66214.40232,4317.158486,-24.40053436,-2.909205513,-0.2419567509,-0.6495977209,-0.01386507743
nsga2,2.051358401,1.812293599,2.021099782,2.035269189,2.087761408,1.529392843,0.210048041,0.647723837,0.2993578494,-0.02199253552,-0.306519561,-1.376397998,0.1282649072,0.5337738079,0.561284006,0.4546743022,0.3983128274,0.8818992085,112.5533436,64.90730824,104.9783596,108.4598974,122.3943607,33.83707729,1.62198951,4.443486213,1.992314287,0.9506211324,0.4937196802,0.04203412412,0.1282649072,0.5337738079,0.561284006,0.4546743022,0.3983128274,0.8818992085,0.01164033868,66189.15026,1625.870409,-24.90641627,-2.943042805,-0.2578800652,-0.2583530359,-0.01396194472
nsga2,2.051549861,1.77420049,1.998923214,1.992809115,2.087708322,2.021382454,0.1902497881,0.6453295597,0.4315130307,-0.1717513973,-0.536945622,-1.376216201,0.1653913462,0.5313558474,0.561867875,0.3731370258,0.3583309141,0.8813301743,112.6029739,59.45665744,99.75236786,98.35786997,122.3794008,105.0467097,1.54970769,4.419056555,2.700928147,0.6733619979,0.290438629,0.04205172338,0.1653913462,0.5313558474,0.561867875,0.3731370258,0.3583309141,0.8813301743,0.01293944048,66186.87248,1254.233597,-25.00148465,-2.943042763,-0.3755993148,-0.1599767626,-0.00240716227
nsga2,1.99287971,1.999657874,2.028317452,2.034889846,2.106900208,1.585401809,0.1904477906,0.6511869709,0.3266545518,-0.1685479999,-0.5202720991,-1.376352083,0.08764609797,0.1269600242,0.7353380857,0.3661100634,0.2441446439,0.8735875967,98.37385943,99.92125357,106.7376045,108.3652023,127.9087363,38.49477707,1.55041439,4.479060936,2.121556254,0.6783471429,0.3018060219,0.04203856835,0.08764609797,0.1269600242,0.7353380857,0.3661100634,0.2441446439,0.8735875967,0.00674445095,66210.42689,2389.951474,-24.91799581,-2.943040932,-0.243229588,-0.6342711626,-0.007392307239
nsga2,2.066718932,1.804077287,2.035487667,2.131634728,2.086343562,2.101392266,0.3867770909,0.6477012152,0.3421379885,-0.1282400147,-0.5211034152,-1.377408186,0.6948774012,0.4524727789,0.5747942303,0.4999916701,0.2657634509,0.8848793395,116.6054722,63.69088558,108.5144734,135.4050083,121.9954299,126.2967765,2.436559891,4.443254764,2.19855831,0.7443205083,0.3012288645,0.04193646453,0.6948774012,0.4524727789,0.5747942303,0.4999916701,0.2657634509,0.8848793395,0.01061893413,66192.38076,1498.263513,-24.9893976,-2.943042397,-0.2835382137,-0.3377045035,-0.01386428513
nsga2,2.071237194,1.80241197,2.002890995,1.991641812,2.117839382,2.114268467,0.4536213977,1.03550342,0.3560141389,-0.1712198717,-0.5241330537,-1.376276399,0.6948774012,0.5761921674,0.5760315117,0.4553184361,0.3488560544,0.8805917858,117.8249309,63.44712835,100.6678967,98.0938573,131.1714689,130.097355,2.841982489,10.85184095,2.269938751,0.6741866187,0.2991348045,0.04204589495,0.6948774012,0.5761921674,0.5760315117,0.4553184361,0.3488560544,0.8805917858,0.01084111179,66193.54591,893.8640575,-25.21870288,-2.936096793,-0.3752645081,-0.3222870085,-0.003231783031
nsga2,1.99287971,1.999657874,1.859513244,2.030207588,2.108012901,2.053301096,0.1905404782,0.6511869709,0.4369400242,-0.1267262465,-0.5202720991,-1.377399981,0.07331994453,0.1132225083,0.7168468299,0.3755701004,0.2441446439,0.8736603561,98.37385943,99.92125357,72.36244694,107.2031601,128.2368675,113.0579472,1.550745317,4.479060936,2.734891014,0.7469194237,0.3018060219,0.04193725682,0.07331994453,0.1132225083,0.7168468299,0.3755701004,0.2441446439,0.8736603561,0.006592509742,66214.24701,4268.519924,-24.42173435,-2.910503623,-0.243178967,-0.6479634813,-0.01386507743
nsga2,2.302277225,1.739462345,1.997575866,2.030247356,2.11640641,1.571495109,0.1899657733,0.6456250623,0.4376998444,-0.1686264437,-0.5240926431,-1.376655211,0.09061787143,0.5560619558,0.7849239554,0.4530881901,0.398156916,0.9515357821,200.5751959,54.88609648,99.44337739,107.2129771,130.7393766,37.28164863,1.548694562,4.422064392,2.739680032,0.6782246284,0.2991626399,0.04200923654,0.09061787143,0.5560619558,0.7849239554,0.4530881901,0.398156916,0.9515357821,0.01428493363,66183.77076,995.1971527,-25.16094647,-2.938300479,-0.4035157965,-0.05635616504,-0.007269792808
nsga2,2.074284882,1.802025532,1.992899896,2.029675133,2.087219076,1.446209499,0.171175367,0.8201106446,0.2891429472,-0.119625147,-0.2336150146,-1.377708136,0.03412952616,0.3945545897,0.62199559,0.4981503373,0.4542839889,0.8433397737,118.6546827,63.39069776,98.37843199,107.0718073,122.2416143,27.93891258,1.483116843,6.608617935,1.946000499,0.7592326095,0.5839625352,0.04190751069,0.03412952616,0.3945545897,0.62199559,0.4981503373,0.4542839889,0.8433397737,0.009351745703,66197.21393,1139.421259,-25.18955146,-2.937091192,-0.244875059,-0.4365425456,-0.01383533129
nsga2,2.063930591,1.99707453,1.850402742,2.029800099,2.108012901,1.606608666,0.1886396296,0.6511863049,0.4343492801,-0.09707008501,-0.5202728971,-1.550970086,0.07298952049,0.1172627768,0.7260374503,0.3754688974,0.2404189795,0.8734881346,115.8592175,99.32864937,70.86026007,107.102621,128.2368675,40.42115009,1.543972745,4.479054068,2.718624836,0.7997051908,0.3018054673,0.02812094517,0.07298952049,0.1172627768,0.7260374503,0.3754688974,0.2404189795,0.8734881346,0.006432606638,66231.31909,10590.76079,-24.15365348,-2.849580171,-0.2338904243,-0.6606864996,-4.876577263e-05
nsga2,2.071896644,1.77420049,1.998923214,1.994503418,2.037379398,2.021382454,0.4502362861,0.5816700314,0.4252989563,-0.1717513973,-0.3055687744,-1.390854001,0.7004290109,0.362624945,0.5405681546,0.3741998207,0.3583309141,0.8813301743,118.0039769,59.45665744,99.75236786,98.74234074,108.9881795,105.0467097,2.819916743,3.816541872,2.66255726,0.6733619979,0.4948017485,0.04065799879,0.7004290109,0.362624945,0.5405681546,0.3741998207,0.3583309141,0.8813301743,0.009785672965,66194.79883,1701.782183,-25.00993872,-2.943042597,-0.2048501368,-0.4021017899,-0.00240716227
nsga2,2.059301204,2.015441559,1.846701668,2.03522072,2.107388089,1.448404716,0.202693837,0.6530109536,0.3450741735,-0.1267262465,-0.5298552079,-1.378993544,0.1043616218,0.1147129639,0.6147618668,0.4912297382,0.3990541478,0.8732951139,114.6307685,103.6195159,70.25895201,108.4477936,128.0525079,28.08049218,1.594754503,4.497911992,2.213472718,0.7469194237,0.2952193312,0.04178365782,0.1043616218,0.1147129639,0.6147618668,0.4912297382,0.3990541478,0.8732951139,0.008804135845,66211.18689,1365.561793,-25.17858389,-2.937644126,-0.2601323924,-0.4769154877,-0.01371147843
nsga2,2.066528612,1.742741322,2.034902599,2.030776779,2.079148074,1.571554408,0.4432891117,0.651030132,0.4346254301,-0.1687163349,-0.522234236,-1.377408914,0.06291279891,0.3350863976,0.5418726426,0.4578015734,0.241573441,0.8824063926,116.5543835,55.30206165,108.3683844,107.3437539,119.9908347,37.28673944,2.77516693,4.477443683,2.720354048,0.6780842625,0.3004455418,0.04193639417,0.06291279891,0.3350863976,0.5418726426,0.4578015734,0.241573441,0.8824063926,0.009651856458,66195.47852,1208.919047,-25.18109533,-2.938470511,-0.2419009377,-0.4123388506,-0.007129426898
epsilon,2.06085,2.142607828,1.849417194,2.029617481,2.109276353,2.096587708,0.1894693668,0.8156304824,0.4254656498,-0.1040018237,-0.5169867793,-1.550967209,0.07670873215,0.1211820397,0.7286894078,0.3774870331,0.2440790563,0.8734581094,115.0402986,138.8698057,70.69963868,107.0575945,128.6104783,124.9072674,1.546925387,6.540794166,2.663579415,0.7870424847,0.3040977597,0.02812113148,0.07670873215,0.1211820397,0.7286894078,0.3774870331,0.2440790563,0.8734581094,0.00645975368,66228.256,8518.749675,-24.20789572,-2.869045623,-0.22986422,-0.6580164145,-4.895208215e-05
epsilon,2.233113751,1.903233268,2.138635447,2.161616943,2.244255449,1.541431805,0.4114823263,1.074222058,0.3196696209,-0.1356693772,-0.6719988929,-1.378023304,0.7543139802,0.3401514959,0.8352288114,0.5167416434,0.2225713178,0.8734553124,171.0463265,80.02639767,137.6053906,145.0831389,175.4912424,34.78818772,2.579184002,11.86375196,2.087707353,0.7316959022,0.2128144471,0.04187710931,0.7543139802,0.3401514959,0.8352288114,0.5167416434,0.2225713178,0.8734553124,0.007190912608,66204.40995,1299.004075,-25.06249444,-2.942741596,-0.3253231905,-0.6017581236,-0.002230097975
epsilon,2.207325637,1.89215026,2.116182847,2.145075325,2.224741227,1.57135834,0.1850079466,0.594342711,0.3411689783,-0.08612023665,-0.6261081841,-1.378098446,0.1873733537,0.3100878674,0.6542854146,0.5693769508,0.2481544162,0.8827545411,161.1853763,78.00999686,130.6720928,139.6610573,167.7804005,37.26990967,1.531115477,3.929549021,2.193658293,0.8201244572,0.2365330413,0.04186986439,0.1873733537,0.3100878674,0.6542854146,0.5693769508,0.2481544162,0.8827545411,0.007948858951,66201.12781,1122.733806,-25.11659618,-2.940338817,-0.3349830062,-0.5428940586,-0.013797685
epsilon,2.108104698,1.863437154,2.028229431,2.075808976,2.13995639,1.448364107,0.2051925438,0.5666042949,0.4261171187,-0.1616069069,-0.4908860891,-1.379207679,0.07212175803,0.5844558128,0.4137294826,0.5923055214,0.3130758449,0.8734011109,128.2639759,73.01921403,106.7159736,119.0718157,138.0245659,28.07786666,1.603956345,3.686415597,2.667577949,0.6892758986,0.3229341033,0.04176306088,0.07212175803,0.5844558128,0.4137294826,0.5923055214,0.3130758449,0.8734011109,0.01171391674,66188.61671,818.8305228,-25.21498687,-2.932513238,-0.3230562407,-0.2545947262,-0.01369088149
epsilon,2.173074763,1.969864442,2.127460832,2.162234675,2.193894889,1.445947733,0.1317077857,0.7203064135,0.3188831442,-0.03473366955,-0.370114304,-1.379096099,0.1150503524,0.5856849425,0.5315213232,0.7065204838,0.4280041902,0.8440510486,148.9617489,93.29630467,134.1098981,145.2896492,156.2769365,27.9220778,1.354277882,5.251778652,2.083930084,0.9231373662,0.4264672601,0.04177379209,0.1150503524,0.5856849425,0.5315213232,0.7065204838,0.4280041902,0.8440510486,0.009490554985,66195.27386,972.1745603,-25.18019219,-2.937075621,-0.3434362074,-0.424774642,-0.01370161269
epsilon,2.184433799,1.966307415,2.112107373,2.150210023,2.198804983,2.097362916,0.5863628061,0.5774852215,0.3600808004,-0.03185988415,-0.6666614013,-1.382807017,0.6887593959,0.6150168759,0.512798378,0.7226783321,0.2217361216,0.8848833152,152.9092642,92.53529533,129.4515852,141.3220807,158.053815,125.1304238,3.858005177,3.779942744,2.291293908,0.9292661463,0.2154460811,0.04141836801,0.6887593959,0.6150168759,0.512798378,0.7226783321,0.2217361216,0.8848833152,0.01025260244,66192.72195,927.6384017,-25.19147323,-2.935772196,-0.3234630186,-0.36649094,-0.004861731963
epsilon,2.186394747,1.945810278,2.093785127,2.137844136,2.20568673,1.447359345,0.1508219986,0.5376018021,0.3447013997,-0.09744455436,-0.5495648135,-1.378630783,0.1500377142,0.6441700768,0.463780953,0.6769732354,0.2985893024,0.8822529344,153.6012488,88.26942095,124.1038136,137.3548934,160.5782534,28.01298215,1.415213617,3.448274274,2.211573613,0.7990159442,0.2821208518,0.0418185738,0.1500377142,0.6441700768,0.463780953,0.6769732354,0.2985893024,0.8822529344,0.01101002324,66190.34636,882.7981261,-25.1975683,-2.934408702,-0.3477023215,-0.3083216537,-0.0137463944
epsilon,2.1868852,1.93058326,2.088236037,2.1304902,2.20564118,1.529131698,0.1941180637,0.5772690784,0.3388442988,-0.1080632675,-0.4151246617,-1.377531549,0.1758763171,0.7017720765,0.4501075113,0.683343714,0.4106489664,0.8824548352,153.7748103,85.22818885,122.5281952,135.0486353,160.5614125,33.81673689,1.563572645,3.77806198,2.18194751,0.7797165141,0.3844814031,0.04192455401,0.1758763171,0.7017720765,0.4501075113,0.683343714,0.4106489664,0.8824548352,0.01179487814,66187.93237,843.3321089,-25.20253232,-2.933262951,-0.363312438,-0.2479414528,-0.01385237462
epsilon,2.189173567,1.922711618,2.079141886,2.124151891,2.201468782,2.0917003,0.3279724306,0.5365865424,0.468985815,-0.07270294557,-0.4119938063,-1.383711421,0.7337545914,0.7385417733,0.4707149614,0.7378798823,0.4152611459,0.8235387151,154.587213,83.6973328,119.989125,133.0919815,159.0262366,123.5094818,2.128003954,3.440222583,2.944325464,0.8458572078,0.3872631678,0.04133220538,0.7337545914,0.7385417733,0.4707149614,0.7378798823,0.4152611459,0.8235387151,0.01256216413,66185.65106,809.4778672,-25.21127815,-2.932034803,-0.3560826596,-0.1898474296,-0.01300418058
epsilon,2.171444913,1.904063356,2.054886454,2.105626123,2.187017446,2.099712651,0.4825609112,0.5349623507,0.4136405373,-0.1146969425,-0.551282175,-1.37943343,0.6736988431,0.7660562854,0.4166178723,0.69832997,0.2967859212,0.8821331636,148.403763,80.17950229,113.4714105,127.5340417,153.8216432,125.8092725,3.037812125,3.42738073,2.592033065,0.7678971531,0.2810074442,0.04174135762,0.6736988431,0.7660562854,0.4166178723,0.69832997,0.2967859212,0.8821331636,0.01331816115,66183.40425,787.8459568,-25.22080926,-2.931088419,-0.3482011814,-0.1313257518,-0.0001623281473
epsilon,2.182436047,1.890416067,2.049415723,2.097657233,2.197715188,2.016303109,0.5004189993,0.5417691399,0.3974881548,-0.09828048415,-0.3884550988,-1.303643827,0.6661128307,0.8033298427,0.4087437269,0.7296925862,0.4402002617,0.8828094343,152.2074981,77.69911408,112.0509965,125.2152523,157.6577004,103.8252796,3.165330039,3.481521968,2.497400273,0.7974794779,0.4088320186,0.04969997531,0.6661128307,0.8033298427,0.4087437269,0.7296925862,0.4402002617,0.8828094343,0.01409862354,66181.11735,762.4009164,-25.22862475,-2.929968317,-0.3082207102,-0.0712744592,-0.02162779592
epsilon,2.180109099,1.883369671,2.049624078,2.101251297,2.19457421,2.019692408,0.4908189156,0.5360933949,0.4790613684,-0.1509443865,-0.5629894092,-1.378851599,0.6711216383,0.8436108,0.4192896941,0.7268310412,0.2963844298,0.8826201983,151.3941519,76.44862357,112.1047665,126.2557879,156.5215751,104.6387175,3.096128062,3.436318378,3.01343181,0.7064080074,0.273533543,0.04179731663,0.6711216383,0.8436108,0.4192896941,0.7268310412,0.2963844298,0.8826201983,0.01485759849,66178.95147,738.6858846,-25.23637277,-2.928687885,-0.356251617,-0.01319148633,-0.009099976132
