method,log10_lambda1,log10_lambda2,log10_lambda3,log10_lambda4,log10_lambda5,log10_lambda6,log10_eta1,log10_eta2,log10_eta3,log10_eta4,log10_eta5,log10_eta6,phi,lambda1,lambda2,lambda3,lambda4,lambda5,lambda6,eta1,eta2,eta3,eta4,eta5,eta6,phi,f1_iae_m_s,f2_effort_N2m2s,f3_tv_Nm,g1_tau,g2_dq,g3_chi,g4_tcp
nsga2,1.636452815,1.806421111,1.630330014,1.807632079,1.997407711,2.23970241,1.119748506,1.217755897,0.7098264483,0.2019023106,-0.02089246279,-2.15188423,0.9998805047,43.2965025,64.03554513,42.69037936,64.21434832,99.40488133,173.661045,13.17493574,16.51033545,5.126564765,1.591850619,0.9530321185,0.007048809437,0.9998805047,0.01521193396,66189.23911,623.7122628,-25.36401701,-2.920861502,-0.3808000057,-0.001701503812
nsga2,1.637446553,1.80033677,1.630330014,1.806657937,1.999066581,2.291113263,1.119302239,1.466289036,0.4620459118,0.1951076304,-0.1434855772,-1.38516897,0.9998396826,43.39568545,63.14468048,42.69037936,64.07047403,99.78530309,195.4849211,13.16140457,29.26099134,2.897649899,1.567139403,0.718645024,0.04119372163,0.9998396826,0.01451820767,66198.09041,593.9353092,-25.36339927,-2.920133685,-0.4264673762,-0.05814702459
nsga2,1.604114129,1.770090475,1.991932212,1.988694605,2.229565241,2.203079022,1.114639438,1.115988737,1.180691152,0.4188223746,-0.01934046849,-1.483881374,0.9994503263,40.18964119,58.89663394,98.15947167,97.43042672,169.6544442,159.616955,13.02085306,13.06137015,15.15971902,2.623145464,0.9564439657,0.03281849236,0.9994503263,0.0149444619,66178.98092,2044.469948,-25.07935325,-2.943042956,-0.3736641879,-0.002252093923
nsga2,1.612429008,2.009854062,1.9413394,1.987842808,2.196171592,2.190620942,1.143561096,1.474502972,0.4458513965,0.2852395019,-0.1430478916,-2.47878787,0.659065379,40.9665138,102.2949188,87.36538603,97.23952033,157.0983385,155.1032656,13.91749571,29.81967951,2.791588474,1.928588185,0.7193696455,0.003320566104,0.659065379,0.007080258657,66222.92106,8283.772423,-22.77279632,-2.593903862,-0.3123979797,-0.6103665661
nsga2,1.570606192,2.003546,2.072934635,1.984213259,2.193850582,2.190349945,1.219887951,1.345669002,0.4181496544,0.2693194341,-0.1432358873,-1.93078024,0.6582400257,37.2054183,100.8198392,118.2863511,96.43024261,156.260994,155.0065124,16.59158784,22.16506462,2.619085369,1.859171418,0.7190583149,0.01172788665,0.6582400257,0.007395653114,66205.52372,4337.171638,-24.82260255,-2.943042586,-0.3176341146,-0.5856431951
nsga2,1.558559611,2.135634475,1.976537049,1.969664166,2.140256651,1.932779486,1.439676678,1.465814205,0.6604109979,0.2643511935,-0.1417347939,-1.501506778,0.669154068,36.18758579,136.6578158,94.74080024,93.25329064,138.1200258,85.66027928,27.52179009,29.2290167,4.575209633,1.838024066,0.7215479648,0.03151325199,0.669154068,0.007329126308,66207.74682,2483.972268,-24.95877407,-2.943042953,-0.3249256304,-0.5902300268
nsga2,1.571537102,1.728904963,1.990220154,1.986601898,2.196268116,2.188813816,1.228113216,1.474069343,0.6873908463,0.2859543961,-0.01969927442,-1.535819386,0.9944415256,37.28525365,53.56794214,97.77327303,96.96207435,157.1332584,154.4592125,16.9088167,29.78992039,4.868451482,1.931765458,0.9556540961,0.02911927874,0.9944415256,0.01156609063,66190.82611,1179.463331,-25.22358883,-2.931904556,-0.3730719654,-0.2656607464
nsga2,1.61218926,1.887713396,1.991932212,1.967348481,2.048098435,2.127895089,1.117409081,1.444272817,1.152795762,0.3717514803,-0.0174371287,-1.488480077,0.9994798169,40.94390488,77.2170839,98.15947167,92.75738175,111.711642,134.2440633,13.10415679,27.8145999,14.21660058,2.353702021,0.9606448775,0.03247281386,0.9994798169,0.01015653685,66196.2428,1282.060103,-25.24950647,-2.938460433,-0.3767689023,-0.3741553308
nsga2,1.611540584,1.760734722,2.068980961,1.962906315,2.195770245,2.190440633,1.127032063,1.475572018,0.4405876121,0.2687166893,-0.1431055586,-1.936160155,0.6591742642,40.88279541,57.6414268,117.214398,91.81345176,156.9532256,155.0388839,13.39775597,29.89317315,2.757957771,1.856592917,0.7192741316,0.01158350112,0.6591742642,0.008439872722,66200.77771,3942.250138,-24.99738478,-2.943041109,-0.3175813622,-0.5049206043
nsga2,1.570606192,2.003546,1.948380805,1.984213259,2.040059144,2.190349945,1.22101799,1.345669002,0.4181496544,0.2693194341,-0.1432358873,-1.942232875,0.9911189092,37.2054183,100.8198392,88.79342437,96.43024261,109.6627529,155.0065124,16.63481557,22.16506462,2.619085369,1.859171418,0.7190583149,0.0114226567,0.9911189092,0.01113831294,66199.78562,829.3683817,-25.27685591,-2.930256343,-0.4651777614,-0.3052546343
nsga2,1.53814662,1.754947775,1.958284304,2.124558749,2.033848812,2.373416261,1.141551319,1.230130392,1.167886542,0.2689183858,-0.01552256126,-1.312282504,0.9836062847,34.52602813,56.87845286,90.84150143,133.2167238,108.1057544,236.2741778,13.85323874,16.98753608,14.71927917,1.857455363,0.9648891853,0.04872114614,0.9836062847,0.01414861756,66183.15106,3673.37156,-25.07949967,-1.631117605,-0.1473413515,-0.06490221841
nsga2,1.643538073,2.053171343,1.767044876,1.974422306,2.263599609,2.179445318,0.6439869526,1.216199362,1.14614707,0.4339349291,-0.1349168165,-1.365921159,0.9001326095,44.00865269,113.0241742,58.48505144,94.28059321,183.4845954,151.1629358,4.405416283,16.45126743,14.00061362,2.716032292,0.7329649097,0.04306047742,0.9001326095,0.008663646248,66201.35981,3640.14504,-24.73975277,-2.943048017,-0.3743893588,-0.4909261814
nsga2,1.566142966,1.716198767,2.088236322,1.969664166,2.193299746,2.186928095,1.43705922,1.466114317,0.4500432307,0.264393981,-0.1417339914,-1.385303528,0.6901923199,36.82501784,52.0234042,122.5282757,93.25329064,156.0629263,153.7899993,27.35641731,29.24922189,2.818663494,1.838205161,0.7215492982,0.04118096056,0.6901923199,0.009218261021,66197.51287,3092.437388,-25.08264145,-2.943040274,-0.2798548407,-0.4451111724
nsga2,1.561788264,2.062449535,1.829770541,1.984691303,2.227710644,2.04410132,1.00058369,1.471367839,1.146109345,0.4339349291,-0.01669840554,-1.346387219,0.9992975054,36.4576158,115.4647806,67.57258627,96.53644525,168.9315024,110.6881986,10.013449,29.60518909,13.9993975,2.716032292,0.962280299,0.04504149332,0.9992975054,0.00789548639,66203.23301,2319.947304,-25.02338762,-2.943045919,-0.3715009099,-0.5487494356
nsga2,2.26966751,1.770704465,1.756158555,1.839051605,2.247186073,2.079667983,0.64206067,1.21301229,1.013819887,0.3427473532,-0.1520617894,-1.430847127,0.892501082,186.0662092,58.97995888,57.03724693,69.03218264,176.6794642,120.1345658,4.385919639,16.33098164,10.32333182,2.201645304,0.7045928157,0.03708112258,0.892501082,0.01296416358,66186.90294,852.1541756,-25.28187669,-2.935771616,-0.4240139155,-0.1606601602
nsga2,1.531691888,1.77008468,1.948420039,1.988864114,2.228987151,2.125114937,0.6652226036,1.347840819,1.181274857,0.4134975208,-0.02435715196,-1.484992669,0.9939033785,34.01667717,58.89584814,88.80144627,97.4684622,169.4287674,133.3874399,4.626180819,22.27618518,15.18010784,2.591179629,0.9454593216,0.03273462204,0.9939033785,0.01188947201,66187.81564,1873.942311,-25.07426353,-2.943043899,-0.3757969744,-0.2390415915
nsga2,1.642260456,1.744710781,2.082823931,1.962744922,2.195770245,2.190456559,1.127032063,1.471588692,0.4405876121,0.2687166893,-0.1431055586,-1.936160155,0.6591742642,43.87937732,55.5534175,121.0107439,91.77933835,156.9532256,155.0445692,13.39775597,29.62024808,2.757957771,1.856592917,0.7192741316,0.01158350112,0.6591742642,0.008597551495,66200.42004,4162.385044,-25.0060404,-2.94304074,-0.3175710329,-0.4926691044
nsga2,1.531691888,1.714933933,1.946154265,1.962738605,2.166514718,2.190643181,0.6749242138,1.347840819,0.9904481424,0.2656032119,-0.02435715196,-1.484992669,0.9939033785,34.01667717,51.87211222,88.33936338,91.77800329,146.728581,155.1112083,4.730686993,22.27618518,9.782461387,1.843330512,0.9454593216,0.03273462204,0.9939033785,0.01334836209,66184.87742,1033.276064,-25.2461073,-2.930219495,-0.3775287045,-0.1287079124
nsga2,1.561786075,2.053171343,1.776988447,1.974422306,2.262080494,2.179445318,0.9950656421,1.218554021,1.14614707,0.4339349291,-0.01669840554,-1.365921159,0.9992975054,36.45743204,113.0241742,59.83956759,94.28059321,182.8439077,151.1629358,9.887025224,16.54070517,14.00061362,2.716032292,0.962280299,0.04306047742,0.9992975054,0.008977949717,66199.0723,3020.037168,-25.0406265,-2.94304885,-0.3709019674,-0.4670493065
nsga2,2.26966751,1.770059068,1.944523126,1.979538802,2.2482445,2.065715908,1.152506891,1.215899154,1.278034191,0.3427473532,-0.1520741631,-1.372560825,0.892501082,186.0662092,58.89237495,88.0081975,95.39789712,177.110578,116.3364771,14.20714757,16.43989935,18.96855251,2.201645304,0.7045727411,0.04240715863,0.892501082,0.01250031835,66185.72981,1424.51246,-25.09697513,-2.943043864,-0.3771786927,-0.1922413299
nsga2,1.611540584,1.760734722,2.068980961,1.962906315,2.116791491,2.190440633,1.127203301,1.461489262,0.4769049397,0.2687166893,-0.1431055586,-1.493537932,0.987824165,40.88279541,57.6414268,117.214398,91.81345176,130.8553523,155.0388839,13.40303962,28.93938263,2.998506121,1.856592917,0.7192741316,0.03209682454,0.987824165,0.01206308111,66192.3529,1172.407461,-25.25946356,-2.929550869,-0.4623334551,-0.2293478444
nsga2,1.571494616,2.007409127,1.944380483,1.987414196,2.227676631,2.191177275,1.143502171,1.345556458,0.6816346336,0.2858422467,-0.1510107142,-2.464672538,0.9619588992,37.28160628,101.72065,87.97929608,97.14360045,168.9182724,155.302081,13.91560752,22.15932146,4.804349946,1.931266675,0.7063001294,0.003430263341,0.9619588992,0.009559479274,66199.85958,1148.594559,-25.26935267,-2.933103033,-0.4564992285,-0.4238776366
nsga2,1.571494616,2.007409127,1.9413394,1.987842808,2.196171592,2.190620942,1.143502171,1.345556458,0.4458513965,0.2858422467,-0.1430478916,-2.464672538,0.67627344,37.28160628,101.72065,87.36538603,97.23952033,157.0983385,155.1032656,13.91560752,22.15932146,2.791588474,1.931266675,0.7193696455,0.003430263341,0.67627344,0.007487854617,66204.60406,2913.867313,-24.71081854,-2.943044023,-0.3283971393,-0.5805392579
nsga2,1.558559611,1.736734466,1.976537049,1.969664166,2.140256651,1.932779486,1.141886325,1.24753957,0.67073956,0.2630246022,-0.1417347939,-1.501506778,0.6457544087,36.18758579,54.54242793,94.74080024,93.25329064,138.1200258,85.66027928,13.86392897,17.68233318,4.68532326,1.832418223,0.7215479648,0.03151325199,0.6457544087,0.01033575341,66193.59763,2692.037707,-24.78596625,-2.943042625,-0.3097730328,-0.358642402
nsga2,1.564482355,1.770704465,1.996589019,1.969505165,2.196200277,2.185348748,0.64206067,1.211099209,1.01095434,0.09270048359,-0.1520617894,-1.416965241,0.6715255914,36.68447899,58.97995888,99.21766883,93.21915573,157.1087153,153.2317454,4.385919639,16.25920136,10.25544099,1.23794253,0.7045928157,0.03828553839,0.6715255914,0.01045049236,66193.02001,1913.562922,-25.24423948,-2.935790102,-0.3013373669,-0.350282407
nsga2,1.566142966,2.009102256,1.976537049,1.969664166,2.132175725,2.234427346,1.43705922,1.46604013,0.4508746562,0.2643511935,-0.1417339914,-1.385303528,0.6901923199,36.82501784,102.1179896,94.74080024,93.25329064,135.5737862,171.5644672,27.35641731,29.24422589,2.82406479,1.838024066,0.7215492982,0.04118096056,0.6901923199,0.007705784789,66205.30306,2580.805195,-25.03757363,-2.373579459,-0.169330886,-0.5634172892
nsga2,1.526888009,1.757005718,1.958284304,2.131938649,2.203315009,2.253847546,1.141551319,1.253914434,1.167886542,0.2687445519,-0.01552256126,-1.312282504,0.9836062847,33.64248048,57.14861607,90.84150143,135.4997985,159.7037113,179.4103718,13.85323874,17.94380059,14.71927917,1.856712032,0.9648891853,0.04872114614,0.9836062847,0.01331270858,66183.9234,2216.891077,-25.05847573,-2.940728656,-0.3605901438,-0.1279930217
nsga2,1.564270152,1.761865999,1.778157343,1.999677156,2.262080494,2.179785246,0.9950656421,1.221055623,1.305549802,0.4377129247,-0.01683214622,-1.365921159,0.9992000934,36.66655875,57.79177045,60.00084173,99.92569011,182.8439077,151.2812992,9.887025224,16.63625709,20.20923167,2.739762548,0.9619840111,0.04306047742,0.9992000934,0.01379627964,66183.69679,3335.988488,-24.92143304,-2.943048008,-0.3711499591,-0.09083258245
nsga2,2.263785536,1.770704465,1.756158555,1.969544809,2.250500531,2.190587981,1.132840457,1.21301229,1.014642745,0.2645610097,-0.1427636069,-1.498943705,0.8911382248,183.5631645,58.97995888,57.03724693,93.22766536,178.0330087,155.0914944,13.57814547,16.33098164,10.34290999,1.838912266,0.7198406917,0.03169978344,0.8911382248,0.01282875511,66186.74325,1158.038454,-25.21556229,-2.935014723,-0.4281178124,-0.1690275448
nsga2,1.547742678,1.770716545,1.982117664,1.984138264,2.271891092,2.202149473,0.64206067,1.113089407,1.206688282,0.4353966102,-0.1457731976,-1.488807178,0.9401718999,35.29739685,58.98159944,95.9660599,96.4135921,187.0213086,159.2756818,4.385919639,12.97446345,16.09489998,2.725188893,0.7148695563,0.03244836522,0.9401718999,0.01438148319,66181.37902,2646.439866,-24.8895407,-2.94304328,-0.4412781717,-0.04666708471
nsga2,1.531691888,1.77008468,1.946154265,1.962738605,2.186592321,2.190643181,0.6749242138,1.347840819,1.181274857,0.2656032119,-0.02435715196,-1.484992669,0.9939033785,34.01667717,58.89584814,88.33936338,91.77800329,153.6711429,155.1112083,4.730686993,22.27618518,15.18010784,1.843330512,0.9454593216,0.03273462204,0.9939033785,0.0121656838,66188.1249,1207.266605,-25.26157754,-2.930918825,-0.3769617003,-0.2200407027
nsga2,1.637446553,1.806579258,1.630330014,1.806657937,1.997407711,2.291113263,1.119748506,1.229347167,0.7098264483,0.1959514306,-0.02133450534,-1.398926744,0.9998396826,43.39568545,64.05886766,42.69037936,64.07047403,99.40488133,195.4849211,13.17493574,16.95692765,5.126564765,1.570187192,0.9520625772,0.03990922146,0.9998396826,0.01516750102,66189.69596,619.9263461,-25.36757565,-2.920574627,-0.3811520444,-0.005430449869
nsga2,2.265620383,1.757005718,1.758098951,1.829511288,2.204499326,2.077805159,1.141551319,1.250435042,1.166478253,0.3348398465,-0.016626242,-1.363317495,0.9994802064,184.3403395,57.14861607,57.29265532,67.5322606,160.1398163,119.6203749,13.85323874,17.80061644,14.67162619,2.161921131,0.9624402074,0.04331940719,0.9994802064,0.01385087997,66184.27283,952.1954299,-25.31084469,-2.930351267,-0.3731890182,-0.09292004805
nsga2,1.570606192,2.009358655,2.068980961,1.969664166,2.193850582,2.190440633,1.291007926,1.345669002,0.4181496544,0.2693194341,-0.1431055586,-1.922235279,0.6763823252,37.2054183,102.1782958,117.214398,93.25329064,156.260994,155.0388839,19.54375123,22.16506462,2.619085369,1.859171418,0.7192741316,0.01196092372,0.6763823252,0.007582061569,66204.33994,3249.557979,-25.03175954,-2.943042701,-0.3285728976,-0.5718068067
nsga2,2.26966751,1.770059068,1.973394187,1.979538802,2.249678255,2.070669369,1.126300396,1.219341379,1.278034191,0.3654281208,-0.1515637364,-1.500896323,0.8885640383,186.0662092,58.89237495,94.05766366,95.39789712,177.696247,117.6709797,13.37520342,16.57071999,18.96855251,2.319680228,0.7054013128,0.03155757894,0.8885640383,0.01240323887,66186.10796,1823.71055,-25.04420885,-2.943043144,-0.433373715,-0.1994839987
nsga2,1.555845723,2.067549822,1.973394187,1.984681954,2.271147501,1.931369215,0.64206067,1.455056245,0.7714702662,0.3437900314,-0.1519101457,-1.639454072,0.889082066,35.96215618,116.8287747,94.05766366,96.5343672,186.7013682,85.38256836,4.385919639,28.51387527,5.908405125,2.206937486,0.704838883,0.02293749191,0.889082066,0.008023276849,66204.0181,1798.185895,-25.1636912,-2.941424252,-0.4317076934,-0.5389590069
nsga2,1.568975431,2.009854062,1.939590692,1.988465546,2.196171592,2.190172493,1.143561096,1.474502972,0.441487321,0.2634362776,-0.1430483918,-2.47878787,0.6590450058,37.0659752,102.2949188,87.01431234,97.37905287,157.0983385,154.9431901,13.91749571,29.81967951,2.763677234,1.834156029,0.7193688169,0.003320566104,0.6590450058,0.007107955301,66206.68136,3037.724433,-24.83295253,-2.943043315,-0.3172622766,-0.608948911
nsga2,1.612429008,1.997498772,1.9413394,1.987830614,2.196171592,2.124342646,1.143561096,1.352771427,0.5119288503,0.2852395019,-0.1430478916,-2.47878787,0.6661914676,40.9665138,99.42572619,87.36538603,97.23679006,157.0983385,133.1504523,13.91749571,22.530531,3.250340433,1.928588185,0.7193696455,0.003320566104,0.6661914676,0.007427162783,66205.5701,3719.88063,-24.21755406,-2.860138494,-0.3224828478,-0.5847215061
nsga2,1.233247245,1.770704465,1.996589019,1.969505165,2.196200277,2.185348748,0.64206067,0.641751017,1.01095434,0.09270048359,-0.1520617894,-1.416965241,0.6715255914,17.10989108,58.97995888,99.21766883,93.21915573,157.1087153,153.2317454,4.385919639,4.382793582,10.25544099,1.23794253,0.7045928157,0.03828553839,0.6715255914,0.01458422118,66179.92653,1980.764731,-25.24295052,-2.935990241,-0.3013161212,-0.03512578048
nsga2,1.428271968,1.916354068,1.948420039,1.984361939,2.04150713,2.125114937,1.204640486,1.345640226,1.181274857,0.4134975208,-0.02444697167,-1.484992669,0.9938736687,26.80846627,82.48102856,88.80144627,96.46326084,110.0289908,133.3874399,16.01918755,22.16359604,15.18010784,2.591179629,0.9452638042,0.03273462204,0.9938736687,0.01037201603,66194.83844,1355.896268,-25.09450092,-2.943045149,-0.3804908594,-0.3576441206
epsilon,1.8250732,0.6915453381,1.871497069,0.987442644,0.747520664,1.858390999,0.6823712496,1.052466605,-1.493805741,-1.979668595,-0.2002107357,-1.849993579,0.2782845595,66.84565756,4.915246902,74.38700432,9.714996399,5.591401312,72.17569911,4.812505619,11.28409166,0.032077038,0.01047927903,0.630651255,0.01412558431,0.2782845595,0.08847618173,66118.90393,6131.840016,-25.58163129,-2.845904433,0.110687057,5.614527364
epsilon,2.216067022,1.970547153,2.148951756,2.177603636,2.238204746,2.041825403,1.068897789,1.477121255,0.6237982283,0.1626163381,-0.08051057062,-1.349328466,0.8735112716,164.462551,93.44308175,140.9132254,150.523267,173.0632064,110.1096554,11.71919522,30,4.205312057,1.454173875,0.8307864973,0.04473748177,0.8735112716,0.007819662527,66201.42585,1140.931536,-25.12533655,-2.9401986,-0.3481241574,-0.5530662274
epsilon,2.191750663,1.918198932,2.113846841,2.146912968,2.222102624,2.188983204,1.157967419,1.30847259,0.6608777084,0.06307003694,-0.1473573662,-1.936756626,0.7454867252,155.5072577,82.83214965,129.9711139,140.253261,166.7641231,154.5194681,14.38690643,20.34569784,4.580128982,1.156298699,0.7122666888,0.01156760297,0.7454867252,0.008558483514,66198.68108,1038.866631,-25.15083796,-2.938743109,-0.3707473173,-0.496120094
epsilon,2.166239711,1.894706312,2.102195676,2.136025074,2.212669103,2.141466147,1.371167155,1.171303056,0.6344175437,-0.01456779525,-0.1869378235,-1.442200917,0.6934973116,146.6356981,78.47048056,126.5306316,136.7807795,163.1808168,138.5052219,23.50537344,14.83552967,4.309407307,0.96701276,0.6502227739,0.03612427031,0.6934973116,0.009297428606,66196.32439,939.9053363,-25.1755571,-2.936797832,-0.3409647584,-0.4394935075
epsilon,2.169262132,1.900274637,2.089814452,2.128046427,2.195226233,2.126447619,1.162059165,1.331374868,0.9999729359,0.2063488561,-0.005691251029,-1.489644721,1,147.6597509,79.48307065,122.9743263,134.2908514,156.7567435,133.7973831,14.52309456,21.44741071,9.999376845,1.608232581,0.9869809015,0.03238584844,1,0.01003728322,66193.58885,904.0099751,-25.18778042,-2.935577148,-0.3642594605,-0.3823677566
epsilon,2.159128104,1.887095392,2.088837754,2.124817551,2.174641629,2.177550314,0.7132425841,1.112380397,0.8461076951,0.07265379621,-0.06223141058,-1.42575467,0.8320784552,144.2540794,77.10728159,122.6980764,133.2961333,149.5001504,150.5047873,5.167049049,12.95329918,7.016292649,1.182098854,0.8665000446,0.03751848814,0.8320784552,0.01077414791,66191.24232,872.115975,-25.1885797,-2.934365871,-0.3419961098,-0.3257291881
epsilon,2.166734854,1.913081636,2.086450938,2.133207633,2.199943729,2.185570346,1.309021802,1.098579142,1.069133893,0.1222626369,-0.04381556988,-1.538194479,0.9625524974,146.802974,81.86186524,122.025596,135.8963002,158.4687852,153.3099514,20.37144342,12.54813384,11.72556808,1.325142665,0.9040333045,0.02896046435,0.9625524974,0.01151288031,66188.84835,839.6128895,-25.20215688,-2.933076129,-0.3814533435,-0.2689698857
epsilon,2.164910963,1.881041398,2.06083922,2.106885295,2.179225474,2.187962538,0.8046479101,1.117887866,1.101087597,0.1588848458,-0.003816918098,-1.486979759,1,146.1877437,76.03987573,115.037443,127.9043442,151.0864349,154.1567473,6.377462449,13.11861137,12.62082071,1.441733022,0.9912497297,0.03258518872,1,0.01225547499,66186.61835,804.893936,-25.2106831,-2.932009586,-0.3630439632,-0.2117283844
epsilon,2.146371294,1.918283858,2.067991561,2.117133021,2.16171576,2.077991945,0.6619772453,0.9506892196,1.128614351,0.1189039109,0.00399067322,-1.432964783,1,140.0784391,82.84834886,116.9476666,130.9582976,145.1161541,119.6718335,4.59173954,8.926664646,13.44665774,1.314933867,1.009231212,0.03690075201,1,0.01298082566,66184.42298,780.6300775,-25.22320565,-2.930878239,-0.3567174672,-0.1564590845
epsilon,2.177253268,1.904199507,2.067191977,2.11848454,2.199669661,2.173810438,1.057830256,0.9040735683,1.134884427,0.07741812269,-0.03601125594,-1.371793174,1,150.4018809,80.20464253,116.7325512,131.3664732,158.3688128,149.2142973,11.42431728,8.018138771,13.64220047,1.195138186,0.9204257161,0.04248218305,1,0.01369934984,66182.37727,745.4443724,-25.23086866,-2.929254938,-0.3890422414,-0.1011871896
epsilon,2.19241926,1.742202563,1.975331789,2.031769671,2.223574997,2.064159902,1.159599714,1.01645326,1.089190303,0.03315484214,-0.1401945342,-1.635153675,0.8163088836,155.7468458,55.23349981,94.47823886,107.589446,167.3304568,115.9204082,14.44108134,10.38611818,12.27977198,1.079331475,0.7241115349,0.02316574784,0.8163088836,0.01445740142,66180.36836,744.219325,-25.23788334,-2.928615634,-0.3976903291,-0.0429277987
epsilon,2.169984448,1.877658838,2.027385219,2.085095245,2.196885787,2.238525546,1.162581131,0.8308600667,1.175757989,0.08980818696,-0.04110170235,-2.152096397,1,147.9055423,75.44992936,106.5087331,121.6452751,157.3568985,173.1910902,14.54055996,6.77423201,14.98849368,1.229725523,0.9097002156,0.007045366704,1,0.01501093525,66178.59552,711.2901843,-25.24797038,-2.927990401,-0.3931296207,-0.0004916944036
