method,log10_lambda1,log10_lambda2,log10_lambda3,log10_lambda4,log10_lambda5,log10_lambda6,log10_eta1,log10_eta2,log10_eta3,log10_eta4,log10_eta5,log10_eta6,phi1,phi2,phi3,phi4,phi5,phi6,lambda1,lambda2,lambda3,lambda4,lambda5,lambda6,eta1,eta2,eta3,eta4,eta5,eta6,phi1,phi2,phi3,phi4,phi5,phi6,f1_iae_m_s,f2_effort_N2m2s,f3_tv_Nm,g1_tau,g2_dq,g3_chi,g4_tcp
nsga2,1.885647909,2.046955611,2.240893614,2.266770572,2.063669038,0.9613285579,0.5680240438,-0.6545617813,-0.2219658992,-2.419411008,-0.7569781459,-1.986248347,0.8782442922,0.5715263422,0.5680719746,0.7500223761,0.3140099694,0.9760446608,76.8507144,111.4180649,174.1380249,184.829195,115.7894624,9.148050595,3.698486551,0.2215328928,0.5998381737,0.003807053605,0.1749934745,0.01032170999,0.8782442922,0.5715263422,0.5680719746,0.7500223761,0.3140099694,0.9760446608,0.01499721089,66195.45544,698.0648641,-25.2787297,-2.929030771,-0.502891913,-0.005737331742
nsga2,1.537887141,2.123880302,2.04916109,2.289620787,2.368035479,1.013651245,0.7013189544,-0.6770192366,-0.2212632843,-0.2852155933,-0.6353232718,-1.436603264,0.5261414648,0.09159696188,0.7789812799,0.4508706402,0.3107417343,0.9865812444,34.50540595,133.0087774,111.9853185,194.8142795,233.3648696,10.31932391,5.027116553,0.2103685257,0.6008093956,0.5185425592,0.2315670314,0.0365928922,0.5261414648,0.09159696188,0.7789812799,0.4508706402,0.3107417343,0.9865812444,0.00578405956,66389.33985,36742.96944,-23.5389802,-2.673522973,-0.2479728622,-0.7065281484
nsga2,1.537196742,2.051276985,2.237986671,2.271146902,2.241392386,0.8972297258,0.3993703871,-1.26533783,-0.2362510566,-0.3056612419,-0.6506154207,-1.4870338,0.8280863873,0.9925068557,0.6179831103,0.7469128755,0.2851506814,0.9942123657,34.45059616,112.5322454,172.9763268,186.7011109,174.3381311,7.892775061,2.508247494,0.05428279107,0.5804287867,0.4946964093,0.2235550986,0.0325811343,0.8280863873,0.9925068557,0.6179831103,0.7469128755,0.2851506814,0.9942123657,0.01510460434,66179.44844,1314.184075,-25.17755732,-2.935748386,-0.3967169753,-0.004802582511
nsga2,1.537779758,2.123839819,2.055272076,2.271207475,2.368034848,1.011685265,0.55858207,-1.280519418,-0.2254890495,-0.2852178606,-0.6355917785,-1.453907187,0.5094799286,0.1164043198,0.7792173909,0.4504900859,0.3104044418,0.960866554,34.49687527,132.9963796,113.5722097,186.7271526,233.3645307,10.27271561,3.618945726,0.05241801636,0.594991759,0.5185398521,0.2314239071,0.03516355807,0.5094799286,0.1164043198,0.7792173909,0.4504900859,0.3104044418,0.960866554,0.005884331264,66317.90138,28346.36839,-23.83335935,-2.731772558,-0.2839179572,-0.6977172267
nsga2,1.512833297,2.123454887,2.245967789,2.288719343,2.363789376,1.011685265,0.9325387888,-1.152346025,-0.2204842275,-0.2850659116,-0.6290091091,-1.455320026,0.5028160719,0.1240826393,0.778363295,0.4726207823,0.3199075748,0.9883262897,32.5711653,132.8785521,176.1845368,194.4103325,231.0943756,10.27271561,8.561281729,0.07041318276,0.6018881216,0.5187213081,0.2349583539,0.0350493505,0.5028160719,0.1240826393,0.778363295,0.4726207823,0.3199075748,0.9883262897,0.005991026384,66232.61232,13033.27865,-24.12753387,-2.70356311,-0.2832261511,-0.6865399509
nsga2,1.537886956,2.123880633,2.05043173,2.271983458,2.368046496,0.9722788889,0.6984531205,-0.6620838656,-0.2213107284,-0.285219325,-0.6353207383,-1.455451044,0.5095369299,0.09130174874,0.7759835336,0.4508287637,0.3103713264,0.9634602913,34.50539123,133.0088788,112.3134402,187.0610887,233.3707897,9.381642703,4.994052695,0.217728928,0.6007437643,0.5185381035,0.2315683823,0.03503877834,0.5095369299,0.09130174874,0.7759835336,0.4508287637,0.3103713264,0.9634602913,0.00580589335,66324.85004,28971.65753,-23.8026976,-2.731246316,-0.2541683871,-0.7028565562
nsga2,1.537887141,2.123880302,2.04916109,2.289620787,2.368035479,1.013651245,0.7013189544,-0.6770192366,-0.2212632843,-0.2852155933,-0.6353232718,-1.436603264,0.5893419666,0.09159696188,0.7789812799,0.4508706402,0.3107417343,0.9865812444,34.50540595,133.0087774,111.9853185,194.8142795,233.3648696,10.31932391,5.027116553,0.2103685257,0.6008093956,0.5185425592,0.2315670314,0.0365928922,0.5893419666,0.09159696188,0.7789812799,0.4508706402,0.3107417343,0.9865812444,0.005785574197,66389.33604,36735.05406,-23.53885823,-2.673438613,-0.2479751134,-0.7062854752
nsga2,1.510191144,2.123454887,2.245967789,2.271792455,2.364152309,1.011685265,0.5556929084,-0.6772203548,-0.2255364936,-0.2850659116,-0.635589245,-1.455320026,0.5094802097,0.1302655251,0.7787758669,0.4810422205,0.3198740961,0.9864496649,32.37361103,132.8785521,176.1845368,186.9788374,231.2875782,10.27271561,3.594950447,0.2102711283,0.5949267632,0.5187213081,0.2314252572,0.0350493505,0.5094802097,0.1302655251,0.7787758669,0.4810422205,0.3198740961,0.9864496649,0.006299996802,66214.63585,5324.637413,-24.43097536,-2.919571079,-0.3993963206,-0.6658009657
nsga2,1.52081572,2.223044158,2.238668258,2.271226324,2.22859763,0.8970245073,0.6870279407,-1.256628669,-0.160229343,-0.3056937858,-0.5616076737,-1.974133751,0.8234032286,0.984995951,0.6179905735,0.4823517174,0.2854409964,0.7901510355,33.17536578,167.1260534,173.2480114,186.7352573,169.276874,7.889046344,4.864385001,0.05538234372,0.691465724,0.4946593406,0.2744051932,0.01061368634,0.8234032286,0.984995951,0.6179905735,0.4823517174,0.2854409964,0.7901510355,0.01102454793,66191.38509,3042.563434,-24.56330198,-2.943047427,-0.3342999396,-0.3092083991
nsga2,1.564878833,2.123756384,2.235808796,2.271293536,2.36557186,0.9682738729,0.7082851268,-0.6620838656,-0.2212632843,-0.2851307218,-0.6352953699,-1.453946034,0.5076910121,0.1304766931,0.7790010057,0.4814646513,0.3104650635,0.9945443759,36.71798442,132.9708313,172.1110665,186.7641586,232.0448103,9.295523922,5.108402712,0.217728928,0.6008093956,0.5186439047,0.2315819092,0.03516041283,0.5076910121,0.1304766931,0.7790010057,0.4814646513,0.3104650635,0.9945443759,0.006227662299,66219.66999,7240.873524,-24.43079369,-2.725463548,-0.2820915762,-0.6721998837
nsga2,1.538226527,2.125678432,2.245968259,2.271137188,2.249885802,1.330025334,0.5543019308,-0.6845738749,-0.01305546763,-0.2535707759,-0.6355590287,-1.447625579,0.5109632503,0.9930379882,0.7701950249,0.7474569201,0.3115313295,0.9718645921,34.53238128,133.5606217,176.1847273,186.6969349,177.7811872,21.38086807,3.583454799,0.2067407679,0.9703860227,0.5577367018,0.2314413593,0.03567585756,0.5109632503,0.9930379882,0.7701950249,0.7474569201,0.3115313295,0.9718645921,0.01310966501,66185.11723,1283.241097,-25.19223346,-2.93643279,-0.4157708129,-0.1486473713
nsga2,1.510403641,2.123454887,2.245967789,2.271792455,2.244913346,1.013759829,0.5554976182,-0.6774306178,-0.2222639261,-0.2850659116,-0.6496380201,-1.37412704,0.5094802097,0.1302655251,0.7787758669,0.4916691834,0.2840657077,0.9763076351,32.38945502,132.8785521,176.1845368,186.9788374,175.7572893,10.32190433,3.593334261,0.2101693506,0.5994266866,0.5187213081,0.2240587867,0.04225449932,0.5094802097,0.1302655251,0.7787758669,0.4916691834,0.2840657077,0.9763076351,0.006827819217,66210.21804,2400.790164,-24.72107102,-2.943040054,-0.3949847879,-0.6257338012
nsga2,1.517282111,2.051760768,2.239306435,2.271872415,2.374944158,0.7502020623,1.073106718,-0.8514329009,-0.2209557275,-0.28471606,-0.6292319742,-1.49625651,0.822666074,0.07720873515,0.7740133297,0.452767635,0.3519568047,0.994232972,32.90653175,112.6576708,173.5027789,187.0132662,237.1068813,5.626030242,11.83332298,0.1407884732,0.6012350249,0.5191393393,0.2348378122,0.03189653374,0.822666074,0.07720873515,0.7740133297,0.452767635,0.3519568047,0.994232972,0.006134558552,66223.21739,8988.868158,-24.2244609,-2.84845409,-0.1980359384,-0.6759463299
nsga2,1.538936114,2.125155178,2.171343232,2.271335125,2.369856492,0.8790022483,0.9404902778,-1.203125124,-0.1973661661,-0.3533167117,-0.6290748654,-1.449312536,0.5104414435,0.3395565663,0.7964005735,0.4813542233,0.3304803173,0.9650721875,34.58884928,133.3997999,148.3690212,186.7820445,234.3454317,7.568368131,8.719473816,0.06264333582,0.6347954919,0.4432852578,0.2349227817,0.0355375484,0.5104414435,0.3395565663,0.7964005735,0.4813542233,0.3304803173,0.9650721875,0.007215907217,66209.38859,5928.878441,-24.83743576,-2.943042501,-0.4027965292,-0.5997083802
nsga2,1.538833216,2.123454887,2.245967789,2.288719343,2.363789376,1.011685265,0.9325387888,-0.6772203548,-0.2255364936,-0.2850659116,-0.6290091091,-1.455320026,0.5104240886,0.1287329856,0.778363295,0.4810422205,0.3199075748,0.9864496649,34.58065508,132.8785521,176.1845368,194.4103325,231.0943756,10.27271561,8.561281729,0.2102711283,0.5949267632,0.5187213081,0.2349583539,0.0350493505,0.5104240886,0.1287329856,0.778363295,0.4810422205,0.3199075748,0.9864496649,0.006077422753,66227.31226,10948.17402,-24.1771102,-2.700161885,-0.2818772614,-0.6815995855
nsga2,1.512833297,2.103780093,2.245967789,2.288719343,2.363789376,1.011685265,0.9325387888,-1.334549188,-0.2204842275,-0.2850659116,-0.6290091091,-1.455320026,0.5028160719,0.1240826393,0.778363295,0.4726207823,0.3199075748,0.9883262897,32.5711653,126.9930907,176.1845368,194.4103325,231.0943756,10.27271561,8.561281729,0.0462861237,0.6018881216,0.5187213081,0.2349583539,0.0350493505,0.5028160719,0.1240826393,0.778363295,0.4726207823,0.3199075748,0.9883262897,0.006000388432,66232.24035,12990.26261,-24.12686186,-2.703123104,-0.2830356824,-0.6860442609
nsga2,1.55883012,2.170848946,2.241620576,2.266944986,2.210755889,1.330025334,0.5365725037,-0.7158664321,-0.2420325244,-0.4136343263,-0.5913866646,-1.937948572,0.5235374603,0.5468420083,0.6402508877,0.5504763075,0.4303770719,0.9657488493,36.21013299,148.2002533,174.429757,184.9034377,162.4635313,21.38086807,3.440111379,0.192368327,0.5727531358,0.3858030651,0.256220182,0.01153589856,0.5235374603,0.5468420083,0.6402508877,0.5504763075,0.4303770719,0.9657488493,0.009648843462,66199.14009,1246.90005,-25.15655117,-2.939789872,-0.4881353404,-0.4142136222
nsga2,1.521514274,2.170684103,2.240133895,2.271341718,2.216766164,0.8790022483,0.5650650591,-0.6984419188,-0.1973661661,-0.3533167117,-0.6356550013,-1.517734874,0.5094952776,0.3684378139,0.7968131455,0.4714194713,0.3304468386,0.9519220115,33.2287706,148.1440122,173.8336681,186.7848801,164.7275214,7.568368131,3.67337325,0.2002433403,0.6347954919,0.4432852578,0.2313902198,0.03035743866,0.5094952776,0.3684378139,0.7968131455,0.4714194713,0.3304468386,0.9519220115,0.007994438897,66204.15608,1964.457177,-24.87721699,-2.943041852,-0.43803884,-0.5393928912
nsga2,1.539750484,2.125155178,2.171395413,2.271335125,2.424457066,0.8790022483,0.9404902778,-1.203125124,-0.1973661661,-0.3533167117,-0.7512961392,-1.449312536,0.9199789375,0.3395565663,0.7964005735,0.4927184988,0.3304803173,0.9650721875,34.65376962,133.3997999,148.3868491,186.7820445,265.7400826,7.568368131,8.719473816,0.06264333582,0.6347954919,0.4432852578,0.1772980099,0.0355375484,0.9199789375,0.3395565663,0.7964005735,0.4927184988,0.3304803173,0.9650721875,0.007531799831,66205.57574,3799.434686,-24.87401376,-2.943042472,-0.4611285885,-0.5751696915
nsga2,1.537915494,2.123755792,2.245964663,2.286811875,2.368125767,1.011685265,0.5586457789,-1.270313989,-0.2255381315,-0.2851383185,-0.6295445449,-1.455220251,0.5094802192,0.1287201355,0.7792551451,0.4810800288,0.3201793053,0.9928177932,34.50765873,132.9706502,176.1832686,193.5583339,233.4133904,10.27271561,3.619476647,0.05366436697,0.5949245194,0.5186348326,0.2346688554,0.03505740364,0.5094802192,0.1287201355,0.7792551451,0.4810800288,0.3201793053,0.9928177932,0.006112053589,66227.52038,10780.27207,-24.19557433,-2.72878328,-0.2927608124,-0.6784664633
nsga2,1.537913954,2.17609045,2.170721293,2.271292327,2.229959542,0.9729438159,0.7013144245,-1.148848808,-0.2232642429,-0.2852301683,-0.5381050279,-1.452833853,0.438691625,0.4857459101,0.7790010057,0.7205026177,0.310385035,0.779691706,34.50753637,149.9997207,148.1566989,186.7636389,169.8085456,9.396017478,5.027064118,0.07098248374,0.5980476072,0.5185251571,0.2896642991,0.03525057023,0.438691625,0.4857459101,0.7790010057,0.7205026177,0.310385035,0.779691706,0.008497340252,66201.83787,2114.172166,-25.18109398,-2.936436577,-0.349384059,-0.5033446007
nsga2,1.908413189,2.170848946,2.239918586,2.266944986,2.050117465,1.330025334,0.5338552324,-0.7158664321,-0.2359227895,-2.538510922,-0.5913866646,-1.937948572,0.5235374603,0.5468420083,0.6402508877,0.5504763075,0.4303770719,0.9518106748,80.9866042,148.2002533,173.7475087,184.9034377,112.2321971,21.38086807,3.418654661,0.192368327,0.5808676772,0.002893937034,0.256220182,0.01153589856,0.5235374603,0.5468420083,0.6402508877,0.5504763075,0.4303770719,0.9518106748,0.01259170865,66200.0882,786.3969164,-25.25382674,-2.932041285,-0.4995894129,-0.1894372757
nsga2,1.539837026,2.125155178,2.17139645,2.271335125,2.369856492,0.8790022483,0.9404902778,-1.203125124,-0.196701836,-0.3533167117,-0.754546657,-1.449312536,0.9035275026,0.3395565663,0.7964005735,0.4813542233,0.3304803173,0.9897390514,34.66067577,133.3997999,148.3872035,186.7820445,234.3454317,7.568368131,8.719473816,0.06264333582,0.6357672668,0.4432852578,0.17597596,0.0355375484,0.9035275026,0.3395565663,0.7964005735,0.4813542233,0.3304803173,0.9897390514,0.00781936145,66205.25335,3439.546386,-24.83696361,-2.943042471,-0.4683331609,-0.5530182086
nsga2,1.535090036,2.125155178,2.171343232,2.271335014,2.371912671,0.8790022483,0.9404902778,-1.203125124,-0.1973661661,-0.3950931774,-0.6356521222,-1.515149579,0.5104414435,0.3395565663,0.7964005735,0.4813542233,0.3304803173,0.9650721875,34.28388548,133.3997999,148.3690212,186.7819966,235.4575771,7.568368131,8.719473816,0.06264333582,0.6347954919,0.4026306411,0.2313917538,0.03053869125,0.5104414435,0.3395565663,0.7964005735,0.4813542233,0.3304803173,0.9650721875,0.007296671948,66207.88835,5008.058626,-24.89401659,-2.943042481,-0.4091862487,-0.593897449
nsga2,1.535697469,2.358052619,2.237985835,2.271182052,2.235517786,0.961416952,0.5633125992,-0.6935718249,-0.2231093569,-0.3546951574,-0.6506102879,-1.362300537,0.5094068593,0.99108223,0.6179905735,0.4770018117,0.2851508114,0.9914276079,34.33187075,228.0618372,172.975994,186.7162224,171.9957778,9.149912732,3.658580364,0.2025014676,0.5982609319,0.4418805059,0.2235577408,0.04342096419,0.5094068593,0.99108223,0.6179905735,0.4770018117,0.2851508114,0.9914276079,0.009301883273,66197.25226,2569.271848,-24.87604472,-2.943049606,-0.3975323781,-0.4438714681
nsga2,1.537974648,2.076928883,2.255296505,2.271334428,2.374944158,0.9721913448,1.073106718,-0.6583787097,-0.2211192764,-0.28471606,-0.6292319742,-1.49625651,0.5095444782,0.07720873515,0.7740133297,0.452767635,0.3525518196,0.986087163,34.51235924,119.3792602,180.0099475,186.7817447,237.1068813,9.379751761,11.83332298,0.219594415,0.6010086514,0.5191393393,0.2348378122,0.03189653374,0.5095444782,0.07720873515,0.7740133297,0.452767635,0.3525518196,0.986087163,0.006154161926,66221.60962,8196.343282,-24.26661232,-2.848121523,-0.1985033913,-0.6749013706
nsga2,1.489978382,2.088108686,2.240005912,2.266770868,2.347106361,0.9444952452,0.5518258944,-0.6776491251,-0.2359951619,-0.5589830718,-0.6500779184,-1.410847042,0.822048345,0.9710912387,0.6227198709,0.4526393522,0.3308709677,0.9515655225,30.90141613,122.4922709,173.7824484,184.8293208,222.3854456,8.800254769,3.563082633,0.2100636343,0.5807708874,0.2760685462,0.2238319517,0.03882870962,0.822048345,0.9710912387,0.6227198709,0.4526393522,0.3308709677,0.9515655225,0.01373211397,66183.3077,2067.698694,-25.05292656,-2.943043016,-0.4298783082,-0.1032036322
nsga2,1.960670003,2.173928573,2.240006182,2.271086876,2.162142016,1.330025334,0.5543790537,-0.429353915,-0.2246472367,-0.255297874,-0.6348089517,-2.036743773,0.5463478689,0.9954906808,0.5678901869,0.731412078,0.3108719225,0.9718645921,91.34189199,149.2548916,173.7825565,186.6753076,145.2586543,21.38086807,3.584091214,0.3720883606,0.596146177,0.5555231042,0.2318414307,0.009188745592,0.5463478689,0.9954906808,0.5678901869,0.731412078,0.3108719225,0.9718645921,0.01225162004,66187.98438,1028.822124,-25.20729372,-2.937065457,-0.4246431592,-0.2149968774
nsga2,1.960670003,2.125712175,2.245968259,2.271086876,2.162142016,1.330025334,0.5543790537,-0.429353915,-0.2255472134,-0.2548031718,-0.6297590511,-2.04805236,0.5090209022,0.9506717173,0.7701950249,0.731412078,0.3108719225,0.9718645921,91.34189199,133.5709992,176.1847273,186.6753076,145.2586543,21.38086807,3.584091214,0.3720883606,0.5949120787,0.5561562578,0.2345529767,0.008952568237,0.5090209022,0.9506717173,0.7701950249,0.731412078,0.3108719225,0.9718645921,0.01287528955,66186.54968,982.0377835,-25.18884212,-2.936825117,-0.4214803786,-0.1661462253
nsga2,1.535448334,2.123400119,2.172833699,2.271223738,2.350884817,0.8990435064,0.5475884689,-1.20616626,-0.2352283993,-0.3516958307,-0.6398914784,-1.449025592,0.509532362,0.5662595935,0.5571446798,0.4944300917,0.3137702746,0.9863409984,34.31218181,132.8617959,148.8790878,186.734145,224.3286882,7.92580725,3.528486571,0.0622062097,0.581797165,0.4449427855,0.2291440167,0.03556103627,0.509532362,0.5662595935,0.5571446798,0.4944300917,0.3137702746,0.9863409984,0.008919857011,66199.24808,4246.593075,-24.85803849,-2.943044156,-0.4061517065,-0.4687580288
nsga2,1.530340184,2.084975686,2.172823758,2.27137804,2.236076809,0.9502664193,0.5686900109,-1.260528045,-0.2222439443,-0.5623558461,-0.6514051506,-2.00957314,0.8745248405,0.5716082961,0.8039930231,0.5273041914,0.2897070302,0.9959110683,33.91096775,121.6117913,148.8756799,186.8005026,172.2173132,8.917978466,3.704162331,0.05488731103,0.5994542666,0.2739328739,0.2231489509,0.009781982015,0.8745248405,0.5716082961,0.8039930231,0.5273041914,0.2897070302,0.9959110683,0.01008020709,66196.03553,1999.943846,-25.11916697,-2.939111181,-0.4035664604,-0.3841453452
nsga2,1.515520869,2.220733205,2.238665066,2.27131511,2.228573176,0.8970245073,0.6870279407,-1.256628669,-0.223087748,-0.3056051207,-0.6495559621,-1.974133751,0.8234032286,0.984995951,0.6179905735,0.4823517174,0.2867889256,0.9940982143,32.77335247,166.2391099,173.2467377,186.7734365,169.2673426,7.889046344,4.864385001,0.05538234372,0.5982906998,0.49476034,0.2241011256,0.01061368634,0.8234032286,0.984995951,0.6179905735,0.4823517174,0.2867889256,0.9940982143,0.01133087022,66190.87968,2472.781083,-24.58662102,-2.943047354,-0.3995379931,-0.2863247638
nsga2,1.512833297,2.096641953,2.245967789,2.288685993,2.049702471,1.011685265,0.9325387888,-1.152346025,-0.2204842275,-2.371150628,-0.6308553995,-1.455320026,0.4567245463,0.1240826393,0.5673357645,0.4726207823,0.3198554717,0.988598416,32.5711653,124.92287,176.1845368,194.3954042,112.1250039,10.27271561,8.561281729,0.07041318276,0.6018881216,0.004254508271,0.2339616096,0.0350493505,0.4567245463,0.1240826393,0.5673357645,0.4726207823,0.3198554717,0.988598416,0.01062827682,66210.00113,1172.213794,-25.19638176,-2.937578677,-0.4083483497,-0.3333704247
nsga2,1.535342707,2.123360217,2.170950348,2.271224946,2.348421198,0.8950384903,0.5545546413,-1.20616626,-0.2352283993,-0.3516958307,-0.6398635766,-1.449025592,0.5076867254,0.5914458272,0.5571446798,0.4944300917,0.3138309413,0.9859273302,34.30383757,132.8495895,148.2348601,186.7346645,223.0597434,7.85305231,3.585540574,0.0622062097,0.581797165,0.4449427855,0.2291587388,0.03556103627,0.5076867254,0.5914458272,0.5571446798,0.4944300917,0.3138309413,0.9859273302,0.00914765159,66198.36684,4159.205534,-24.85567293,-2.943044384,-0.4082846641,-0.451204437
nsga2,1.885647909,2.046955611,2.240893614,2.266803922,2.377751329,0.9613285579,0.6007573789,-0.6545617813,-0.2219658992,-0.3282866892,-0.7551318554,-1.986248347,0.924174586,0.5715263422,0.779099505,0.7500223761,0.3140620725,0.9757725344,76.8507144,111.4180649,174.1380249,184.8433886,238.6444448,9.148050595,3.988020471,0.2215328928,0.5998381737,0.4695840216,0.1757389975,0.01032170999,0.924174586,0.5715263422,0.779099505,0.7500223761,0.3140620725,0.9757725344,0.01047850296,66194.41184,1486.208006,-25.18365909,-2.934321879,-0.4692012987,-0.3510284239
nsga2,1.974397793,2.0764451,2.254608382,2.284102839,2.241392386,0.9766306806,0.551503832,-1.256683629,-0.05409502982,-0.3056612419,-0.6494080149,-1.558067036,0.4006211342,0.9925068557,0.56735021,0.7485714837,0.2857515894,0.9858872714,94.27527166,119.2463515,179.7249545,192.3547164,174.3381311,9.476122811,3.560441316,0.05537533558,0.8828866911,0.4946964093,0.2241774811,0.02766514587,0.4006211342,0.9925068557,0.56735021,0.7485714837,0.2857515894,0.9858872714,0.01417012891,66181.10697,1193.248135,-25.17832047,-2.937062785,-0.3984849492,-0.06528345
nsga2,1.910101637,2.173910638,2.239933437,2.266944986,2.042535771,1.330025334,0.5336547375,-0.7173215805,-0.2361924294,-2.538510922,-0.5913866646,-1.937948572,0.5097404793,0.5460381451,0.5760060047,0.7701433701,0.4303770719,0.9518106748,81.30207643,149.2487279,173.7534502,184.9034377,110.289907,21.38086807,3.417076782,0.1917248557,0.5805071464,0.002893937034,0.256220182,0.01153589856,0.5097404793,0.5460381451,0.5760060047,0.7701433701,0.4303770719,0.9518106748,0.01495894293,66201.16458,722.4133148,-25.32277578,-2.928159602,-0.5001402349,-0.006295782274
nsga2,1.958525447,2.170866881,2.243898502,2.271294133,2.193001461,1.330025334,0.5545795486,-0.4178602837,-0.2207751936,-0.2843102131,-0.5025384855,-2.036743773,0.5226665967,0.9899813636,0.6411816885,0.5442823114,0.3535955062,0.9869343162,90.8919554,148.2063737,175.3470656,186.7644155,155.9557748,21.38086807,3.585746214,0.3820671654,0.6014850071,0.5196247001,0.3143847812,0.009188745592,0.5226665967,0.9899813636,0.6411816885,0.5442823114,0.3535955062,0.9869343162,0.01195521382,66187.89371,1557.375379,-24.98487289,-2.943045525,-0.3748458669,-0.2343260363
nsga2,1.922329906,2.084986257,2.238587127,2.266770463,2.080214211,0.9449300068,0.5517747249,-0.8271462982,-0.2359951619,-0.5589830718,-0.6500779184,-1.419109849,0.8334749483,0.9879104185,0.6224340949,0.5302084942,0.2900067857,0.9515698677,83.6238014,121.6147516,173.2156496,184.8291484,120.2857586,8.809068899,3.562662848,0.148885945,0.5807708874,0.2760685462,0.2238319517,0.03809694502,0.8334749483,0.9879104185,0.6224340949,0.5302084942,0.2900067857,0.9515698677,0.01455167077,66182.04914,959.9047517,-25.1609885,-2.938627822,-0.4189659499,-0.0384145168
nsga2,1.517282111,2.040614541,2.239306435,2.271869162,2.169814727,0.7502020623,1.073106718,-0.8413023978,-0.2254284175,-0.28471606,-0.6292319742,-1.49625651,0.822666074,0.07720873515,0.7703244286,0.7394406162,0.3124183241,0.9718857734,32.90653175,109.8030848,173.5027789,187.0118651,147.8477523,5.626030242,11.83332298,0.1441111561,0.5950748317,0.5191393393,0.2348378122,0.03189653374,0.822666074,0.07720873515,0.7703244286,0.7394406162,0.3124183241,0.9718857734,0.008755436774,66211.14914,1381.567422,-25.18858232,-2.936423195,-0.202009507,-0.4776389097
epsilon,1.689224221,2.12153221,2.322962766,2.334672432,2.328738049,1.013644175,0.7604486795,-0.6821684145,-0.3133743134,-0.6689162208,-0.6325627715,-1.436686221,0.4733468814,0.1347390648,0.9273587736,0.4191726874,0.2984165134,0.986618964,48.89047096,132.2915819,210.3598082,216.10879,213.1758727,10.31915593,5.760347446,0.2078890361,0.4859881576,0.2143304023,0.2330436258,0.03658590299,0.4733468814,0.1347390648,0.9273587736,0.4191726874,0.2984165134,0.986618964,0.00643383087,66211.76313,3977.337306,-24.79750594,-2.943039551,-0.3903210665,-0.656913692
epsilon,1.62560978,1.985303458,2.126643466,2.155030349,2.137822511,1.013750089,0.6183332107,-0.6776114138,-0.2494367212,-0.2041134404,-0.7240621401,-1.374213362,0.4572576964,0.1311426939,0.8842523842,0.4562547834,0.1692388162,0.9763458917,42.2289011,96.67261315,133.8577332,142.8993816,137.3480542,10.32167284,4.152725366,0.2100818756,0.5630711536,0.6250094152,0.1887721229,0.04224610149,0.4572576964,0.1311426939,0.8842523842,0.4562547834,0.1692388162,0.9763458917,0.006814822231,66208.80264,1680.561504,-25.02830704,-2.943040851,-0.2594777669,-0.6305435047
epsilon,1.577193056,2.047329839,2.165983681,2.186851834,2.253887324,0.8790005323,0.9535912217,-1.202904322,-0.194894644,-0.3138695526,-0.7791692898,-1.449329832,0.9137366742,0.2797415114,0.7825438368,0.4553820188,0.1834096374,0.9650799466,37.77400699,111.5141143,146.5492774,153.7629965,179.4268051,7.568338227,8.986513306,0.06267519269,0.6384183421,0.4854342863,0.1662764371,0.03553613314,0.9137366742,0.2797415114,0.7825438368,0.4553820188,0.1834096374,0.9650799466,0.007445722219,66204.00309,1589.518027,-25.09206354,-2.941280654,-0.3207147724,-0.5821497498
epsilon,1.951585856,1.768423576,2.065567461,2.0858054,1.972498821,0.9729167401,0.7837429059,-1.14747489,-0.1824424789,-0.01240714112,-0.5202309896,-1.453102787,0.3539420722,0.1805058099,0.5303048024,0.56851868,0.2124704427,0.7798408671,89.45113505,58.67101155,116.2967186,121.8443513,93.86394894,9.395431706,6.077751035,0.0712073969,0.656988127,0.9718357229,0.3018345916,0.03522874832,0.3539420722,0.1805058099,0.5303048024,0.56851868,0.2124704427,0.7798408671,0.008283165723,66201.53186,1091.163201,-25.12354671,-2.940713757,-0.1805875092,-0.5173449307
epsilon,1.929649143,1.852671262,2.086547839,2.115348425,1.995081364,0.895023397,0.6553628757,-1.20427689,-0.225309191,-0.2397868084,-0.4646335368,-1.449168455,0.4177818961,0.2790594331,0.4669810562,0.4836430901,0.2644297751,0.9859900491,85.04506994,71.23136419,122.0528259,130.42127,98.87383142,7.852779392,4.522336514,0.06247742323,0.5952382196,0.5757224855,0.3430571404,0.03554934026,0.4177818961,0.2790594331,0.4669810562,0.4836430901,0.2644297751,0.9859900491,0.009144719258,66198.15721,957.6685016,-25.15692133,-2.937887715,-0.2293944339,-0.4513823343
epsilon,2.093750176,1.841440422,2.043104676,2.09421805,2.115988756,0.9502596419,0.8059222764,-1.259632428,-0.1411327677,-0.384284159,-0.7044160681,-2.009577706,0.7532837546,0.3507794596,0.3168429374,0.4310269792,0.1686899936,0.9959130144,124.0938264,69.41293717,110.4344762,124.2275872,130.6137073,8.917839297,6.396203554,0.05500061831,0.7225488802,0.4127773333,0.1975076547,0.009781879166,0.7532837546,0.3507794596,0.3168429374,0.4310269792,0.1686899936,0.9959130144,0.01003621869,66193.65709,979.6300108,-25.1859308,-2.936355186,-0.2461993313,-0.3829433932
epsilon,2.028649271,1.905563297,2.028814043,2.070789859,2.054038622,0.8970177287,0.884126686,-1.252416451,-0.1278599393,-0.2306471947,-0.5482938099,-1.974148038,0.71681309,0.450805059,0.3978329407,0.50801593,0.2323612526,0.7901587897,106.8191877,80.45690029,106.8597227,117.7036306,113.2501072,7.888923209,7.65819968,0.05592210994,0.7449721899,0.5879668017,0.2829477144,0.01061333718,0.71681309,0.450805059,0.3978329407,0.50801593,0.2323612526,0.7901587897,0.01086794464,66191.73947,832.9843838,-25.21193813,-2.934062227,-0.2501789665,-0.3203517369
epsilon,2.166670697,1.969223224,2.097866066,2.139032938,2.185077894,1.330037559,0.5748341378,-0.397803648,-0.1799843062,-0.2132017366,-0.5094417143,-2.036718352,0.5055518929,0.617178089,0.3477055707,0.6109311259,0.3211541947,0.9869231496,146.781289,93.15865803,125.2754772,137.7313923,153.1362098,21.38146994,3.75693895,0.4001256125,0.6607173235,0.6120660114,0.3094270563,0.009189283462,0.5055518929,0.617178089,0.3477055707,0.6109311259,0.3211541947,0.9869231496,0.01171175012,66188.17307,860.6267405,-25.20834878,-2.933490532,-0.3456097984,-0.2551626084
epsilon,2.138295646,1.973499007,2.066271271,2.115633631,2.157631968,1.330031844,0.5497921004,-0.7179405536,-0.1996265911,-2.541948575,-0.4783810046,-1.937926147,0.5101185493,0.6774905581,0.3532067209,0.278033941,0.3299007247,0.9518004635,137.4977672,94.08036783,116.4853398,130.5069472,143.757982,21.3811886,3.546435784,0.1914517967,0.6315000786,0.00287112053,0.3323678405,0.01153649423,0.5101185493,0.6774905581,0.3532067209,0.278033941,0.3299007247,0.9518004635,0.01256399685,66185.67906,852.8077225,-25.20468437,-2.935489545,-0.33248758,-0.1900070795
epsilon,1.896752234,2.01432254,2.113078862,2.162780023,1.932047364,1.329985226,0.6626520123,-0.6786196047,0.08316523025,-0.1793049564,-0.5341573968,-1.447772286,0.4146420003,0.8009036762,0.3799461562,0.7484737942,0.2026266714,0.9719299198,78.84101987,103.3528699,129.7414844,145.4722055,85.51599715,21.37889363,4.598879309,0.2095947477,1.211058801,0.6617516664,0.29230928,0.03566380806,0.4146420003,0.8009036762,0.3799461562,0.7484737942,0.2026266714,0.9719299198,0.01341338167,66183.70826,839.7585275,-25.23037422,-2.930788005,-0.1722321816,-0.1254926141
epsilon,2.134893203,2.011726843,2.099217872,2.152622155,2.155001283,0.9766322356,0.5569142395,-1.255647612,-0.01375150942,-0.2235842899,-0.6208694383,-1.558034127,0.3945753995,0.8724105048,0.3289731591,0.7250363989,0.2376479373,0.9858725607,136.4247613,102.7369913,125.6660234,142.109187,142.8898178,9.476156741,3.605074463,0.05550759212,0.968832035,0.597607047,0.2394035366,0.02766724224,0.3945753995,0.8724105048,0.3289731591,0.7250363989,0.2376479373,0.9858725607,0.01425640524,66180.54382,790.4686013,-25.24293431,-2.929859955,-0.3180904402,-0.06061679682
epsilon,2.131904299,1.948888227,2.071722259,2.111726371,2.144209747,0.8972137032,0.6299277665,-1.26420812,-0.1948073635,-0.1922446528,-0.6470372403,-1.487187288,0.7037397459,0.8082035714,0.296433929,0.7162696166,0.2209105911,0.9942791945,135.4890817,88.8972296,117.9566035,129.3380686,139.3829805,7.892483873,4.265085744,0.05442417824,0.6385466584,0.6423257715,0.2254045922,0.03256962156,0.7037397459,0.8082035714,0.296433929,0.7162696166,0.2209105911,0.9942791945,0.01505030558,66178.31406,764.0060729,-25.25275072,-2.928476435,-0.310707035,0.0001866168909
